station_id,date,water_temperature_c,conductivity_us_cm,ph,rainfall_24h_mm,turbidity_ntu,left_row_id,matched_rs_date,red,green,nir,swir,ndvi,ndwi,mndwi,ndti,matched_rs_row_id,match_type,time_delta_days
station-1,2024-01-01,10.398988535614059,438.8600750775461,7.558212020234742,0.0,18.41414237623031,0,2024-01-01,0.25967141821264716,0.447144297825522,0.40289680940002415,0.09926836567414049,0.21616700774113284,0.05205335136075652,0.6366542274538562,-0.2652358675097018,0.0,nearest,0.0
station-1,2024-01-02,12.143418377413978,443.1348873058013,7.605097543639055,0.0,17.58482729426725,1,2024-01-01,0.25967141821264716,0.447144297825522,0.40289680940002415,0.09926836567414049,0.21616700774113284,0.05205335136075652,0.6366542274538562,-0.2652358675097018,0.0,nearest,-1.0
station-1,2024-01-03,13.480652068458086,446.98075792712837,7.525685281021685,0.0,14.736075184038604,2,2024-01-01,0.25967141821264716,0.447144297825522,0.40289680940002415,0.09926836567414049,0.21616700774113284,0.05205335136075652,0.6366542274538562,-0.2652358675097018,0.0,nearest,-2.0
station-1,2024-01-04,12.879429300041865,452.02567439407824,7.504098204030191,5.872138062410645,23.817701522629463,3,2024-01-06,0.23398648422986842,0.46537446963137274,0.3899044756575064,0.08426799780166827,0.24991224661403075,0.08824021027242238,0.6933715904623616,-0.33085631121381354,1.0,nearest,2.0
station-1,2024-01-05,13.487695700316952,444.9455893674642,7.546979592066157,0.0,19.847595904517963,4,2024-01-06,0.23398648422986842,0.46537446963137274,0.3899044756575064,0.08426799780166827,0.24991224661403075,0.08824021027242238,0.6933715904623616,-0.33085631121381354,1.0,nearest,1.0
station-1,2024-01-06,13.339012990828584,442.4855357058462,7.554036151677935,0.0,13.069171650069196,5,2024-01-06,0.23398648422986842,0.46537446963137274,0.3899044756575064,0.08426799780166827,0.24991224661403075,0.08824021027242238,0.6933715904623616,-0.33085631121381354,1.0,nearest,0.0
station-1,2024-01-07,11.891442752975212,439.8237198837393,7.587628417150821,0.0,6.351987793781458,6,2024-01-06,0.23398648422986842,0.46537446963137274,0.3899044756575064,0.08426799780166827,0.24991224661403075,0.08824021027242238,0.6933715904623616,-0.33085631121381354,1.0,nearest,-1.0
station-1,2024-01-08,13.449470991118433,442.2847685476892,7.5168678648048495,1.763424454458212,17.613594107763138,7,2024-01-06,0.23398648422986842,0.46537446963137274,0.3899044756575064,0.08426799780166827,0.24991224661403075,0.08824021027242238,0.6933715904623616,-0.33085631121381354,1.0,nearest,-2.0
station-1,2024-01-09,14.705751988076136,437.71677605513065,7.5521855264095805,3.264086649452179,22.127125702658688,8,2024-01-11,0.23161143169049164,0.4531780227401985,0.3961172897674781,0.09077523742628461,0.262065208192009,0.0671859742216635,0.6662388330993666,-0.3235543269776395,2.0,nearest,2.0
station-1,2024-01-10,12.65105398960462,430.6641333030007,7.591541224446419,0.0,12.193097159764434,9,2024-01-11,0.23161143169049164,0.4531780227401985,0.3961172897674781,0.09077523742628461,0.262065208192009,0.0671859742216635,0.6662388330993666,-0.3235543269776395,2.0,nearest,1.0
station-1,2024-01-11,15.285177310811092,446.00799187332785,7.623190388212706,0.16685883269896026,12.536627322592349,10,2024-01-11,0.23161143169049164,0.4531780227401985,0.3961172897674781,0.09077523742628461,0.262065208192009,0.0671859742216635,0.6662388330993666,-0.3235543269776395,2.0,nearest,0.0
station-1,2024-01-12,14.247405480151444,441.3774215363636,7.537894579425662,3.830105226577177,15.926675333379375,11,2024-01-11,0.23161143169049164,0.4531780227401985,0.3961172897674781,0.09077523742628461,0.262065208192009,0.0671859742216635,0.6662388330993666,-0.3235543269776395,2.0,nearest,-1.0
station-1,2024-01-13,14.162204610537204,435.41734408418193,7.535219504370923,1.612922062629139,21.972050844700483,12,2024-01-11,0.23161143169049164,0.4531780227401985,0.3961172897674781,0.09077523742628461,0.262065208192009,0.0671859742216635,0.6662388330993666,-0.3235543269776395,2.0,nearest,-2.0
station-1,2024-01-14,15.414788569235895,444.0107012069053,7.618718649612146,1.6463074311279304,12.347669322384098,13,2024-01-16,0.21587197485490275,0.4333727832306914,0.44257654487568765,0.07206072269788524,0.344301130957881,-0.010507185004517193,0.7148557748837957,-0.3350058751604339,3.0,nearest,2.0
station-1,2024-01-15,14.003273871119918,449.74722683849006,7.617488210601071,0.0,14.227126578793987,14,2024-01-16,0.21587197485490275,0.4333727832306914,0.44257654487568765,0.07206072269788524,0.344301130957881,-0.010507185004517193,0.7148557748837957,-0.3350058751604339,3.0,nearest,1.0
station-1,2024-01-16,14.188978392412691,431.80025690160045,7.575324187797599,0.0,11.17159744661022,15,2024-01-16,0.21587197485490275,0.4333727832306914,0.44257654487568765,0.07206072269788524,0.344301130957881,-0.010507185004517193,0.7148557748837957,-0.3350058751604339,3.0,nearest,0.0
station-1,2024-01-17,16.51266429675095,432.3158089699789,7.558055414780324,0.0,12.290356594597444,16,2024-01-16,0.21587197485490275,0.4333727832306914,0.44257654487568765,0.07206072269788524,0.344301130957881,-0.010507185004517193,0.7148557748837957,-0.3350058751604339,3.0,nearest,-1.0
station-1,2024-01-18,13.506884794373619,438.91291833344184,7.594230320837774,5.431300355526011,22.228597926107422,17,2024-01-16,0.21587197485490275,0.4333727832306914,0.44257654487568765,0.07206072269788524,0.344301130957881,-0.010507185004517193,0.7148557748837957,-0.3350058751604339,3.0,nearest,-2.0
station-1,2024-01-19,16.775278433268817,450.8169869475972,7.623262401206885,1.0606061807757434,17.190614461082642,18,2024-01-21,0.23115322559746768,0.46939148048887397,0.4495432993201986,0.08637861626756342,0.3208332431976883,0.02159911846279149,0.6891570209635863,-0.3400757336706554,4.0,nearest,2.0
station-1,2024-01-20,14.77475202912382,438.2755821235383,7.600675026798665,0.0,12.155310992392064,19,2024-01-21,0.23115322559746768,0.46939148048887397,0.4495432993201986,0.08637861626756342,0.3208332431976883,0.02159911846279149,0.6891570209635863,-0.3400757336706554,4.0,nearest,1.0
station-1,2024-01-21,14.88741239877674,437.7425585745099,7.571545761563589,0.0,12.787578245522312,20,2024-01-21,0.23115322559746768,0.46939148048887397,0.4495432993201986,0.08637861626756342,0.3208332431976883,0.02159911846279149,0.6891570209635863,-0.3400757336706554,4.0,nearest,0.0
station-1,2024-01-22,14.267047625212678,442.797711972288,7.608924375420115,1.8565634598785272,16.175296775931844,21,2024-01-21,0.23115322559746768,0.46939148048887397,0.4495432993201986,0.08637861626756342,0.3208332431976883,0.02159911846279149,0.6891570209635863,-0.3400757336706554,4.0,nearest,-1.0
station-1,2024-01-23,15.500474539781099,427.93470204614755,7.592573802027986,0.0,6.9110620109024286,22,2024-01-21,0.23115322559746768,0.46939148048887397,0.4495432993201986,0.08637861626756342,0.3208332431976883,0.02159911846279149,0.6891570209635863,-0.3400757336706554,4.0,nearest,-2.0
station-1,2024-01-24,16.37531749011282,431.5657002680965,7.654818385655724,4.624107459579839,22.129900216178235,23,2024-01-26,0.19352089025992125,0.4693096533431434,0.41483402064159236,0.049337438251691436,0.36378950250226455,0.06161400494563911,0.8097456283810277,-0.416077330389859,5.0,nearest,2.0
station-1,2024-01-25,15.085513017579544,428.90299269081316,7.633187096143464,0.0,13.024803811566214,24,2024-01-26,0.19352089025992125,0.4693096533431434,0.41483402064159236,0.049337438251691436,0.36378950250226455,0.06161400494563911,0.8097456283810277,-0.416077330389859,5.0,nearest,1.0
station-1,2024-01-26,17.073575949328355,422.5265936473072,7.5778337180948325,0.0,5.1783185988915905,25,2024-01-26,0.19352089025992125,0.4693096533431434,0.41483402064159236,0.049337438251691436,0.36378950250226455,0.06161400494563911,0.8097456283810277,-0.416077330389859,5.0,nearest,0.0
station-1,2024-01-27,16.15848136451651,438.13675196835516,7.639849736477877,0.0,8.0240977429091,26,2024-01-26,0.19352089025992125,0.4693096533431434,0.41483402064159236,0.049337438251691436,0.36378950250226455,0.06161400494563911,0.8097456283810277,-0.416077330389859,5.0,nearest,-1.0
station-1,2024-01-28,14.83798558042712,415.5461994998796,7.606308471156306,0.0,7.3821872862588815,27,2024-01-26,0.19352089025992125,0.4693096533431434,0.41483402064159236,0.049337438251691436,0.36378950250226455,0.06161400494563911,0.8097456283810277,-0.416077330389859,5.0,nearest,-2.0
station-1,2024-01-29,15.98638954177511,436.5671423480232,7.705002884467481,0.0,4.728164002768194,28,2024-01-31,0.23481172092984295,0.4358902036399865,0.4298465322559346,0.07962594414135486,0.2934362289060116,0.006980957528384754,0.6910826383070794,-0.29980305012410685,6.0,nearest,2.0
station-1,2024-01-30,16.27366004459703,432.3006340159774,7.65335647318595,0.0,14.60060566174627,29,2024-01-31,0.23481172092984295,0.4358902036399865,0.4298465322559346,0.07962594414135486,0.2934362289060116,0.006980957528384754,0.6910826383070794,-0.29980305012410685,6.0,nearest,1.0
station-1,2024-01-31,16.722210028654306,436.59163388989174,7.607734328582684,3.700786418779421,15.394866162105357,30,2024-01-31,0.23481172092984295,0.4358902036399865,0.4298465322559346,0.07962594414135486,0.2934362289060116,0.006980957528384754,0.6910826383070794,-0.29980305012410685,6.0,nearest,0.0
station-1,2024-02-01,16.34437005357466,426.1279407949016,7.651627835302414,0.0,9.255483275469912,31,2024-01-31,0.23481172092984295,0.4358902036399865,0.4298465322559346,0.07962594414135486,0.2934362289060116,0.006980957528384754,0.6910826383070794,-0.29980305012410685,6.0,nearest,-1.0
station-1,2024-02-02,16.14051238679182,430.1962891419787,7.6127794433094635,0.0,6.128985780717721,32,2024-01-31,0.23481172092984295,0.4358902036399865,0.4298465322559346,0.07962594414135486,0.2934362289060116,0.006980957528384754,0.6910826383070794,-0.29980305012410685,6.0,nearest,-2.0
station-1,2024-02-03,17.777584302283092,421.2212279322868,7.589338218128535,0.0,2.3857244778443065,33,2024-02-05,0.1849228067363182,0.4370082816980081,0.45767449336212285,0.05123380446639324,0.4244519648371089,-0.023098926502441934,0.7901295037104124,-0.40532702038790136,7.0,nearest,2.0
station-1,2024-02-04,17.70180922291726,420.5226512125393,7.687918932468823,2.887838721356914,21.59306314663657,34,2024-02-05,0.1849228067363182,0.4370082816980081,0.45767449336212285,0.05123380446639324,0.4244519648371089,-0.023098926502441934,0.7901295037104124,-0.40532702038790136,7.0,nearest,1.0
station-1,2024-02-05,16.380192574751746,421.29774464505243,7.67263740724741,0.0,5.294364989329058,35,2024-02-05,0.1849228067363182,0.4370082816980081,0.45767449336212285,0.05123380446639324,0.4244519648371089,-0.023098926502441934,0.7901295037104124,-0.40532702038790136,7.0,nearest,0.0
station-1,2024-02-06,16.444857744898073,428.4973243944779,7.683557442468357,0.0,9.442917379168929,36,2024-02-05,0.1849228067363182,0.4370082816980081,0.45767449336212285,0.05123380446639324,0.4244519648371089,-0.023098926502441934,0.7901295037104124,-0.40532702038790136,7.0,nearest,-1.0
station-1,2024-02-07,17.412679487549273,425.01880632411957,7.661571518962809,0.0,2.3408235484702633,37,2024-02-05,0.1849228067363182,0.4370082816980081,0.45767449336212285,0.05123380446639324,0.4244519648371089,-0.023098926502441934,0.7901295037104124,-0.40532702038790136,7.0,nearest,-2.0
station-1,2024-02-08,16.289080499235798,431.18147370477334,7.711886414121733,0.0,13.03665990906509,38,2024-02-10,0.1787190185981307,0.43294021349608,0.4718475592676049,0.05801148402099901,0.4505742388905357,-0.04300162639541646,0.7636774276802212,-0.4156255338900744,8.0,nearest,2.0
station-1,2024-02-09,16.618753826725683,422.7432528561486,7.737229768192756,0.0,8.995524533730034,39,2024-02-10,0.1787190185981307,0.43294021349608,0.4718475592676049,0.05801148402099901,0.4505742388905357,-0.04300162639541646,0.7636774276802212,-0.4156255338900744,8.0,nearest,1.0
station-1,2024-02-10,18.324684499038913,425.5369827460881,7.684677295543744,0.0,4.482620226659092,40,2024-02-10,0.1787190185981307,0.43294021349608,0.4718475592676049,0.05801148402099901,0.4505742388905357,-0.04300162639541646,0.7636774276802212,-0.4156255338900744,8.0,nearest,0.0
station-1,2024-02-11,17.983608470754348,421.3022595924857,7.644307593918466,0.0,14.58138662375919,41,2024-02-10,0.1787190185981307,0.43294021349608,0.4718475592676049,0.05801148402099901,0.4505742388905357,-0.04300162639541646,0.7636774276802212,-0.4156255338900744,8.0,nearest,-1.0
station-1,2024-02-12,17.89906111257648,410.87851666765,7.694582297088989,0.0,11.315155625420877,42,2024-02-10,0.1787190185981307,0.43294021349608,0.4718475592676049,0.05801148402099901,0.4505742388905357,-0.04300162639541646,0.7636774276802212,-0.4156255338900744,8.0,nearest,-2.0
station-1,2024-02-13,18.02671944458854,429.6308623633772,7.62951987018898,0.0,15.571795260597545,43,2024-02-10,0.1787190185981307,0.43294021349608,0.4718475592676049,0.05801148402099901,0.4505742388905357,-0.04300162639541646,0.7636774276802212,-0.4156255338900744,8.0,nearest,-3.0
station-1,2024-02-14,16.841032438076212,420.64654578732086,7.654993751022508,0.0,3.2093024371469854,44,,,,,,,,,,,nearest,
station-1,2024-02-15,18.967486281659312,425.38546820136327,7.657245275265228,0.0,12.093779596251338,45,,,,,,,,,,,nearest,
station-1,2024-02-16,17.645521744731287,409.60527988285304,7.672211740712511,0.01890573376278243,8.95980220649555,46,,,,,,,,,,,nearest,
station-1,2024-02-17,17.687182904039293,415.35310154573307,7.673947463558991,2.029063878527407,12.197255356790206,47,2024-02-20,0.2944108835869433,0.41304761188130745,0.4725557507956947,0.10984125187047132,0.23227199101320398,-0.06719502366669657,0.5798676947053353,-0.16769425917465475,9.0,nearest,3.0
station-1,2024-02-18,19.413334305684103,406.92280334309874,7.6396735407745595,0.2599302725395217,14.095481421500535,48,2024-02-20,0.2944108835869433,0.41304761188130745,0.4725557507956947,0.10984125187047132,0.23227199101320398,-0.06719502366669657,0.5798676947053353,-0.16769425917465475,9.0,nearest,2.0
station-1,2024-02-19,17.90619155874506,401.3926948860607,7.690456438366429,0.19261887344166534,15.464925033079574,49,2024-02-20,0.2944108835869433,0.41304761188130745,0.4725557507956947,0.10984125187047132,0.23227199101320398,-0.06719502366669657,0.5798676947053353,-0.16769425917465475,9.0,nearest,1.0
station-1,2024-02-20,19.323024503739088,422.7095394339158,7.71390951455356,7.238411558085765,29.698768323052967,50,2024-02-20,0.2944108835869433,0.41304761188130745,0.4725557507956947,0.10984125187047132,0.23227199101320398,-0.06719502366669657,0.5798676947053353,-0.16769425917465475,9.0,nearest,0.0
station-1,2024-02-21,19.20518020884498,405.9018821691993,7.706332905372693,0.0,12.939364165065944,51,2024-02-20,0.2944108835869433,0.41304761188130745,0.4725557507956947,0.10984125187047132,0.23227199101320398,-0.06719502366669657,0.5798676947053353,-0.16769425917465475,9.0,nearest,-1.0
station-1,2024-02-22,18.447022479823733,404.44334355058834,7.712819090798121,0.0,13.78917158090735,52,2024-02-20,0.2944108835869433,0.41304761188130745,0.4725557507956947,0.10984125187047132,0.23227199101320398,-0.06719502366669657,0.5798676947053353,-0.16769425917465475,9.0,nearest,-2.0
station-1,2024-02-23,20.202231478879963,411.955382110969,7.644476760717007,0.0,16.516544760721555,53,2024-02-25,0.2406815177700875,0.46707516662121396,0.4589185284885862,0.08536794207076108,0.31194539206449196,0.008808524481001523,0.6909439515939023,-0.3198749709384008,10.0,nearest,2.0
station-1,2024-02-24,18.87073451958738,422.677773706212,7.649593850111954,1.6311405759801758,11.378155258298598,54,2024-02-25,0.2406815177700875,0.46707516662121396,0.4589185284885862,0.08536794207076108,0.31194539206449196,0.008808524481001523,0.6909439515939023,-0.3198749709384008,10.0,nearest,1.0
station-1,2024-02-25,18.58837753825195,410.1095091516302,7.754965190941815,0.0,14.10329349064224,55,2024-02-25,0.2406815177700875,0.46707516662121396,0.4589185284885862,0.08536794207076108,0.31194539206449196,0.008808524481001523,0.6909439515939023,-0.3198749709384008,10.0,nearest,0.0
station-1,2024-02-26,19.03976047268118,418.5818193885323,7.700854136256692,0.0,14.456512982930388,56,2024-02-25,0.2406815177700875,0.46707516662121396,0.4589185284885862,0.08536794207076108,0.31194539206449196,0.008808524481001523,0.6909439515939023,-0.3198749709384008,10.0,nearest,-1.0
station-1,2024-02-27,18.357608000976487,409.24999964196314,7.677916347616886,2.440254361342804,24.245438514116213,57,2024-02-25,0.2406815177700875,0.46707516662121396,0.4589185284885862,0.08536794207076108,0.31194539206449196,0.008808524481001523,0.6909439515939023,-0.3198749709384008,10.0,nearest,-2.0
station-1,2024-02-28,20.50123847261122,404.24693406799474,7.656088212758923,0.0,13.301111694666343,58,2024-03-01,0.24470813496150415,0.45549076535021726,0.476757377976246,0.08474947625299883,0.321635946352939,-0.022812180188576045,0.6862526345631105,-0.30103250704174894,11.0,nearest,2.0
station-1,2024-02-29,19.120460049368997,405.9637742836712,7.723732534030463,1.618084621207638,18.888636058650384,59,2024-03-01,0.24470813496150415,0.45549076535021726,0.476757377976246,0.08474947625299883,0.321635946352939,-0.022812180188576045,0.6862526345631105,-0.30103250704174894,11.0,nearest,1.0
station-1,2024-03-01,20.164437162580313,415.9137429949686,7.681255435841157,0.0,14.222490521408345,60,2024-03-01,0.24470813496150415,0.45549076535021726,0.476757377976246,0.08474947625299883,0.321635946352939,-0.022812180188576045,0.6862526345631105,-0.30103250704174894,11.0,nearest,0.0
station-1,2024-03-02,20.255438431769377,410.4727205739014,7.710689038444237,0.0,16.37791150769843,61,2024-03-01,0.24470813496150415,0.45549076535021726,0.476757377976246,0.08474947625299883,0.321635946352939,-0.022812180188576045,0.6862526345631105,-0.30103250704174894,11.0,nearest,-1.0
station-1,2024-03-03,20.398297627584707,420.6237536771028,7.72070651806809,0.0,26.99474189006452,62,2024-03-01,0.24470813496150415,0.45549076535021726,0.476757377976246,0.08474947625299883,0.321635946352939,-0.022812180188576045,0.6862526345631105,-0.30103250704174894,11.0,nearest,-2.0
station-1,2024-03-04,22.046460399298624,412.3799042145571,7.726878089437969,0.0,20.568602466613346,63,2024-03-06,0.2992394517988047,0.4330038816176996,0.49708874413655035,0.11299440959185965,0.2484519490175215,-0.06890159188917527,0.5860997684020541,-0.18267756593259268,12.0,nearest,2.0
station-1,2024-03-05,20.29748764343574,416.9310345246252,7.671945067390628,6.13029325451048,27.619878953225232,64,2024-03-06,0.2992394517988047,0.4330038816176996,0.49708874413655035,0.11299440959185965,0.2484519490175215,-0.06890159188917527,0.5860997684020541,-0.18267756593259268,12.0,nearest,1.0
station-1,2024-03-06,20.461060454720297,410.7626443903941,7.693950879955488,5.24295787565239,26.009887962126435,65,2024-03-06,0.2992394517988047,0.4330038816176996,0.49708874413655035,0.11299440959185965,0.2484519490175215,-0.06890159188917527,0.5860997684020541,-0.18267756593259268,12.0,nearest,0.0
station-1,2024-03-07,20.797671233628368,413.21650536145006,7.728151436948093,0.0,16.97972801105227,66,2024-03-06,0.2992394517988047,0.4330038816176996,0.49708874413655035,0.11299440959185965,0.2484519490175215,-0.06890159188917527,0.5860997684020541,-0.18267756593259268,12.0,nearest,-1.0
station-1,2024-03-08,19.98559281857318,417.89409552081054,7.729369846236702,0.6372500140915643,17.824307775199227,67,2024-03-06,0.2992394517988047,0.4330038816176996,0.49708874413655035,0.11299440959185965,0.2484519490175215,-0.06890159188917527,0.5860997684020541,-0.18267756593259268,12.0,nearest,-2.0
station-1,2024-03-09,20.784520153503937,410.2664591033392,7.716901796986521,0.0,19.81932789302703,68,2024-03-11,0.27138401762656633,0.43275447869707667,0.4773829974920147,0.09942103722963731,0.2751175942663882,-0.04903492050652129,0.6263599723992992,-0.22917431998539628,13.0,nearest,2.0
station-1,2024-03-10,19.54447240874507,417.4741284722192,7.6684204800329905,0.0,15.02377903468022,69,2024-03-11,0.27138401762656633,0.43275447869707667,0.4773829974920147,0.09942103722963731,0.2751175942663882,-0.04903492050652129,0.6263599723992992,-0.22917431998539628,13.0,nearest,1.0
station-1,2024-03-11,21.477715636438383,410.3933599354912,7.71676401657349,4.050334468296938,20.30839223929301,70,2024-03-11,0.27138401762656633,0.43275447869707667,0.4773829974920147,0.09942103722963731,0.2751175942663882,-0.04903492050652129,0.6263599723992992,-0.22917431998539628,13.0,nearest,0.0
station-1,2024-03-12,21.802137627825175,417.1439614640625,7.71415744386703,0.0,18.65061928906851,71,2024-03-11,0.27138401762656633,0.43275447869707667,0.4773829974920147,0.09942103722963731,0.2751175942663882,-0.04903492050652129,0.6263599723992992,-0.22917431998539628,13.0,nearest,-1.0
station-1,2024-03-13,19.969059203679514,424.5954233833172,7.784357593052393,0.0,18.040547371258448,72,2024-03-11,0.27138401762656633,0.43275447869707667,0.4773829974920147,0.09942103722963731,0.2751175942663882,-0.04903492050652129,0.6263599723992992,-0.22917431998539628,13.0,nearest,-2.0
station-1,2024-03-14,21.362311585751932,427.03518116920793,7.711255293439051,0.0,18.04353396875185,73,2024-03-16,0.22712738730894894,0.4313814776449064,0.4751614272668599,0.08897240677149829,0.35317953925797124,-0.04829330127095812,0.6580311613459597,-0.3101766752225431,14.0,nearest,2.0
station-1,2024-03-15,20.484409882987006,415.3809920332825,7.793857010787721,0.0,20.748051482617676,74,2024-03-16,0.22712738730894894,0.4313814776449064,0.4751614272668599,0.08897240677149829,0.35317953925797124,-0.04829330127095812,0.6580311613459597,-0.3101766752225431,14.0,nearest,1.0
station-1,2024-03-16,20.695076065353007,429.98721410688955,7.6310487597078245,0.0,16.425911481422716,75,2024-03-16,0.22712738730894894,0.4313814776449064,0.4751614272668599,0.08897240677149829,0.35317953925797124,-0.04829330127095812,0.6580311613459597,-0.3101766752225431,14.0,nearest,0.0
station-1,2024-03-17,20.830127106984378,418.68161188838434,7.783529648820854,0.0,15.629485206400085,76,2024-03-16,0.22712738730894894,0.4313814776449064,0.4751614272668599,0.08897240677149829,0.35317953925797124,-0.04829330127095812,0.6580311613459597,-0.3101766752225431,14.0,nearest,-1.0
station-1,2024-03-18,19.73262049908232,406.06295256615863,7.720662874474694,17.27336217961788,48.3724547834766,77,2024-03-16,0.22712738730894894,0.4313814776449064,0.4751614272668599,0.08897240677149829,0.35317953925797124,-0.04829330127095812,0.6580311613459597,-0.3101766752225431,14.0,nearest,-2.0
station-1,2024-03-19,19.561886324380758,417.9831134376612,7.740627251153569,5.7920112545465425,31.338429221770696,78,2024-03-21,0.20342376735012122,0.4389322656040883,0.5121403321371644,0.06545898031087674,0.4314310416191142,-0.07697421490950465,0.7404436304514593,-0.3666323443260249,15.0,nearest,2.0
station-1,2024-03-20,19.641471212481974,417.5966410851067,7.743444233027873,0.4573493096979848,17.78807667354189,79,2024-03-21,0.20342376735012122,0.4389322656040883,0.5121403321371644,0.06545898031087674,0.4314310416191142,-0.07697421490950465,0.7404436304514593,-0.3666323443260249,15.0,nearest,1.0
station-1,2024-03-21,19.62005600160575,409.1538402448254,7.637213935897313,0.0,10.045752741660621,80,2024-03-21,0.20342376735012122,0.4389322656040883,0.5121403321371644,0.06545898031087674,0.4314310416191142,-0.07697421490950465,0.7404436304514593,-0.3666323443260249,15.0,nearest,0.0
station-1,2024-03-22,19.87565339250198,414.38984210134765,7.731183121307776,0.0,15.597242003454395,81,2024-03-21,0.20342376735012122,0.4389322656040883,0.5121403321371644,0.06545898031087674,0.4314310416191142,-0.07697421490950465,0.7404436304514593,-0.3666323443260249,15.0,nearest,-1.0
station-1,2024-03-23,20.538458015174903,410.8954988897601,7.72132526870707,0.0,11.56080253981518,82,2024-03-21,0.20342376735012122,0.4389322656040883,0.5121403321371644,0.06545898031087674,0.4314310416191142,-0.07697421490950465,0.7404436304514593,-0.3666323443260249,15.0,nearest,-2.0
station-1,2024-03-24,21.017671956423392,430.00814016946055,7.71071369140203,2.493846858405622,26.79331391098948,83,2024-03-26,0.22629656518835448,0.3939913891633848,0.5019355530811146,0.09096495866053968,0.37850429962876875,-0.12048322115116364,0.6248530034972682,-0.27034996052807053,16.0,nearest,2.0
station-1,2024-03-25,20.408186657838588,436.681749352107,7.743507149254629,0.0,15.045958446359428,84,2024-03-26,0.22629656518835448,0.3939913891633848,0.5019355530811146,0.09096495866053968,0.37850429962876875,-0.12048322115116364,0.6248530034972682,-0.27034996052807053,16.0,nearest,1.0
station-1,2024-03-26,20.568122446230166,423.4955796021946,7.644097503738492,0.0,16.311524187410047,85,2024-03-26,0.22629656518835448,0.3939913891633848,0.5019355530811146,0.09096495866053968,0.37850429962876875,-0.12048322115116364,0.6248530034972682,-0.27034996052807053,16.0,nearest,0.0
station-1,2024-03-27,22.085536498665824,407.7382196641758,7.715617558671727,0.0,11.550950968918697,86,2024-03-26,0.22629656518835448,0.3939913891633848,0.5019355530811146,0.09096495866053968,0.37850429962876875,-0.12048322115116364,0.6248530034972682,-0.27034996052807053,16.0,nearest,-1.0
station-1,2024-03-28,20.965895775035786,417.17829724380323,7.738869176965159,0.2669611107973855,18.03542934562151,87,2024-03-26,0.22629656518835448,0.3939913891633848,0.5019355530811146,0.09096495866053968,0.37850429962876875,-0.12048322115116364,0.6248530034972682,-0.27034996052807053,16.0,nearest,-2.0
station-1,2024-03-29,21.585349310547013,448.0331714781553,7.7213128196995235,0.0,12.533472469252711,88,2024-03-31,0.2355104875369203,0.42512767216556263,0.501722787096061,0.09535722799129513,0.3610964245905339,-0.08264020820739297,0.6335831146588211,-0.2870212412707677,17.0,nearest,2.0
station-1,2024-03-30,19.835222476410497,432.4683904274202,7.80647652266565,6.088692868683924,27.08025200336038,89,2024-03-31,0.2355104875369203,0.42512767216556263,0.501722787096061,0.09535722799129513,0.3610964245905339,-0.08264020820739297,0.6335831146588211,-0.2870212412707677,17.0,nearest,1.0
station-1,2024-03-31,22.195684617790203,439.6614919335761,7.768381954182517,5.826924956282232,18.582741240685273,90,2024-03-31,0.2355104875369203,0.42512767216556263,0.501722787096061,0.09535722799129513,0.3610964245905339,-0.08264020820739297,0.6335831146588211,-0.2870212412707677,17.0,nearest,0.0
station-1,2024-04-01,20.851064003103087,419.61682232972896,7.733752320887145,0.0,13.943013252798172,91,2024-03-31,0.2355104875369203,0.42512767216556263,0.501722787096061,0.09535722799129513,0.3610964245905339,-0.08264020820739297,0.6335831146588211,-0.2870212412707677,17.0,nearest,-1.0
station-1,2024-04-02,22.060194193763607,430.54792694224915,7.721755549921787,0.0,6.92388747597812,92,2024-03-31,0.2355104875369203,0.42512767216556263,0.501722787096061,0.09535722799129513,0.3610964245905339,-0.08264020820739297,0.6335831146588211,-0.2870212412707677,17.0,nearest,-2.0
station-1,2024-04-03,21.885858694916088,440.54038348248,7.730919236286341,7.950852281687187,33.954098894247885,93,2024-04-05,0.3142444374420552,0.4015428036110978,0.495900447580315,0.13933473985376552,0.22422657168691965,-0.10514051316777016,0.4847826775680621,-0.12196133314782007,18.0,nearest,2.0
station-1,2024-04-04,20.19988036021183,423.2105000726404,7.739103033417608,0.0,10.157581390674926,94,2024-04-05,0.3142444374420552,0.4015428036110978,0.495900447580315,0.13933473985376552,0.22422657168691965,-0.10514051316777016,0.4847826775680621,-0.12196133314782007,18.0,nearest,1.0
station-1,2024-04-05,22.334726206318,433.41634654973967,7.7056697949209365,9.043383525214221,33.6197863008293,95,2024-04-05,0.3142444374420552,0.4015428036110978,0.495900447580315,0.13933473985376552,0.22422657168691965,-0.10514051316777016,0.4847826775680621,-0.12196133314782007,18.0,nearest,0.0
station-1,2024-04-06,21.369683159419765,443.3704957890726,7.730729216078144,0.0,4.013833683341752,96,2024-04-05,0.3142444374420552,0.4015428036110978,0.495900447580315,0.13933473985376552,0.22422657168691965,-0.10514051316777016,0.4847826775680621,-0.12196133314782007,18.0,nearest,-1.0
station-1,2024-04-07,20.587701801067453,449.2622283391764,7.746785366521996,2.1027960737704143,13.739474193232422,97,2024-04-05,0.3142444374420552,0.4015428036110978,0.495900447580315,0.13933473985376552,0.22422657168691965,-0.10514051316777016,0.4847826775680621,-0.12196133314782007,18.0,nearest,-2.0
station-1,2024-04-08,19.955495381765523,435.69652580401635,7.684240986103955,3.13182623477614,15.498927181826232,98,2024-04-10,0.21060277617470638,0.4561796918944639,0.48228056336311026,0.08246045405887548,0.3920974451047196,-0.02781244205326799,0.6938198733296097,-0.3683013988518396,19.0,nearest,2.0
station-1,2024-04-09,22.695861072115353,439.9264255448187,7.730678493008595,2.0523579470356115,17.06864921244956,99,2024-04-10,0.21060277617470638,0.4561796918944639,0.48228056336311026,0.08246045405887548,0.3920974451047196,-0.02781244205326799,0.6938198733296097,-0.3683013988518396,19.0,nearest,1.0
station-1,2024-04-10,20.720183768653975,424.8606469579325,7.7521619302131795,0.0,9.169287812370204,100,2024-04-10,0.21060277617470638,0.4561796918944639,0.48228056336311026,0.08246045405887548,0.3920974451047196,-0.02781244205326799,0.6938198733296097,-0.3683013988518396,19.0,nearest,0.0
station-1,2024-04-11,20.751876627419684,450.12708681579335,7.717460426370321,9.55050713160491,26.81210018874169,101,2024-04-10,0.21060277617470638,0.4561796918944639,0.48228056336311026,0.08246045405887548,0.3920974451047196,-0.02781244205326799,0.6938198733296097,-0.3683013988518396,19.0,nearest,-1.0
station-1,2024-04-12,21.54473240470063,440.3070938322753,7.710648872661359,0.3395319868464803,14.66973816844967,102,2024-04-10,0.21060277617470638,0.4561796918944639,0.48228056336311026,0.08246045405887548,0.3920974451047196,-0.02781244205326799,0.6938198733296097,-0.3683013988518396,19.0,nearest,-2.0
station-1,2024-04-13,20.772450064398086,431.86915595493804,7.6751863271595395,0.0,12.78664260250194,103,2024-04-15,0.22010338391247017,0.4269043663427087,0.48820490224650986,0.08298421424380267,0.37850964554982525,-0.06698712165630819,0.6745005971761592,-0.31962674689549936,20.0,nearest,2.0
station-1,2024-04-14,19.862568334709557,439.5392271463338,7.669523585262422,0.0,12.134992826419385,104,2024-04-15,0.22010338391247017,0.4269043663427087,0.48820490224650986,0.08298421424380267,0.37850964554982525,-0.06698712165630819,0.6745005971761592,-0.31962674689549936,20.0,nearest,1.0
station-1,2024-04-15,19.43185276280646,441.190118767002,7.778553644779022,0.6129015983592112,15.016571891686402,105,2024-04-15,0.22010338391247017,0.4269043663427087,0.48820490224650986,0.08298421424380267,0.37850964554982525,-0.06698712165630819,0.6745005971761592,-0.31962674689549936,20.0,nearest,0.0
station-1,2024-04-16,19.987063857320326,448.0304453488602,7.725286997674662,0.0,15.351622140657032,106,2024-04-15,0.22010338391247017,0.4269043663427087,0.48820490224650986,0.08298421424380267,0.37850964554982525,-0.06698712165630819,0.6745005971761592,-0.31962674689549936,20.0,nearest,-1.0
station-1,2024-04-17,20.883222082094658,452.1539120252588,7.6519603944456,0.0,9.145488310964843,107,2024-04-15,0.22010338391247017,0.4269043663427087,0.48820490224650986,0.08298421424380267,0.37850964554982525,-0.06698712165630819,0.6745005971761592,-0.31962674689549936,20.0,nearest,-2.0
station-1,2024-04-18,19.958404264642912,441.5498513512192,7.772577890143666,0.0,9.748201824216817,108,2024-04-15,0.22010338391247017,0.4269043663427087,0.48820490224650986,0.08298421424380267,0.37850964554982525,-0.06698712165630819,0.6745005971761592,-0.31962674689549936,20.0,nearest,-3.0
station-1,2024-04-19,21.607504896371815,440.7149729070606,7.729663781537129,0.0,16.0163300245635,109,,,,,,,,,,,nearest,
station-1,2024-04-20,20.23230988835953,435.5334316159178,7.67868060069916,0.0,10.104233536258208,110,,,,,,,,,,,nearest,
station-1,2024-04-21,19.307778143048637,449.31530234732367,7.700007915738854,0.0,14.291689940063453,111,,,,,,,,,,,nearest,
station-1,2024-04-22,20.22895722931752,442.73772635722923,7.6265008514379655,0.0,15.021644838256957,112,2024-04-25,0.22795303993639887,0.42271288149696024,0.4611101313892988,0.08137790127438178,0.3383682384364353,-0.04344450114163296,0.6771299771561379,-0.29932386981559256,21.0,nearest,3.0
station-1,2024-04-23,21.333235785216022,447.80224524078085,7.678751121374708,6.758970027526846,27.162147134574646,113,2024-04-25,0.22795303993639887,0.42271288149696024,0.4611101313892988,0.08137790127438178,0.3383682384364353,-0.04344450114163296,0.6771299771561379,-0.29932386981559256,21.0,nearest,2.0
station-1,2024-04-24,20.35846802099284,444.6662326057355,7.774260799289678,6.082261739786444,22.720701674476686,114,2024-04-25,0.22795303993639887,0.42271288149696024,0.4611101313892988,0.08137790127438178,0.3383682384364353,-0.04344450114163296,0.6771299771561379,-0.29932386981559256,21.0,nearest,1.0
station-1,2024-04-25,21.18471407084098,452.0082308684806,7.782306591577441,0.9813255369498901,14.795346692382047,115,2024-04-25,0.22795303993639887,0.42271288149696024,0.4611101313892988,0.08137790127438178,0.3383682384364353,-0.04344450114163296,0.6771299771561379,-0.29932386981559256,21.0,nearest,0.0
station-1,2024-04-26,19.723956215054205,448.2825136241318,7.6607903970398015,0.0,21.349364033908653,116,2024-04-25,0.22795303993639887,0.42271288149696024,0.4611101313892988,0.08137790127438178,0.3383682384364353,-0.04344450114163296,0.6771299771561379,-0.29932386981559256,21.0,nearest,-1.0
station-1,2024-04-27,21.154148939165022,455.66558279707385,7.647570552242625,0.0,16.00440926803007,117,2024-04-25,0.22795303993639887,0.42271288149696024,0.4611101313892988,0.08137790127438178,0.3383682384364353,-0.04344450114163296,0.6771299771561379,-0.29932386981559256,21.0,nearest,-2.0
station-1,2024-04-28,19.95678024955316,451.0725138603703,7.697673247559042,0.0,12.207887654476934,118,2024-04-25,0.22795303993639887,0.42271288149696024,0.4611101313892988,0.08137790127438178,0.3383682384364353,-0.04344450114163296,0.6771299771561379,-0.29932386981559256,21.0,nearest,-3.0
station-1,2024-04-29,19.50419546810662,452.6504757196795,7.745707750434882,0.06557006912262003,18.21373794543009,119,,,,,,,,,,,nearest,
station-1,2024-04-30,20.517901714413004,448.37720212564943,7.662214033285626,0.0,13.203905141531719,120,,,,,,,,,,,nearest,
station-1,2024-05-01,19.797704855177148,440.07325339618313,7.689983578648267,0.0,9.262709949266304,121,,,,,,,,,,,nearest,
station-1,2024-05-02,18.71274996755583,457.6659816204395,7.744741944148609,0.0,17.14560440142714,122,2024-05-05,0.22535331171915882,0.42437542770201314,0.4662575883523547,0.061806410518187097,0.3483234237752558,-0.04702516063898635,0.74574776077837,-0.3063157036275761,22.0,nearest,3.0
station-1,2024-05-03,20.264087426291546,460.26905860778794,7.759157988062364,0.0,4.151040550155801,123,2024-05-05,0.22535331171915882,0.42437542770201314,0.4662575883523547,0.061806410518187097,0.3483234237752558,-0.04702516063898635,0.74574776077837,-0.3063157036275761,22.0,nearest,2.0
station-1,2024-05-04,18.818467439224086,439.4282068033302,7.614225664593355,0.0,20.78209284378296,124,2024-05-05,0.22535331171915882,0.42437542770201314,0.4662575883523547,0.061806410518187097,0.3483234237752558,-0.04702516063898635,0.74574776077837,-0.3063157036275761,22.0,nearest,1.0
station-1,2024-05-05,19.466320879169512,448.1502736067181,7.679950295430355,0.0,13.341685977636939,125,2024-05-05,0.22535331171915882,0.42437542770201314,0.4662575883523547,0.061806410518187097,0.3483234237752558,-0.04702516063898635,0.74574776077837,-0.3063157036275761,22.0,nearest,0.0
station-1,2024-05-06,17.61948838551947,454.70738538368374,7.694772765298573,1.810724966477991,20.38382385106992,126,2024-05-05,0.22535331171915882,0.42437542770201314,0.4662575883523547,0.061806410518187097,0.3483234237752558,-0.04702516063898635,0.74574776077837,-0.3063157036275761,22.0,nearest,-1.0
station-1,2024-05-07,18.21257855114642,441.70289894950184,7.663101636707031,0.0,12.422415636233668,127,2024-05-05,0.22535331171915882,0.42437542770201314,0.4662575883523547,0.061806410518187097,0.3483234237752558,-0.04702516063898635,0.74574776077837,-0.3063157036275761,22.0,nearest,-2.0
station-1,2024-05-08,17.566887307335477,441.4603754999322,7.701925020678531,0.0,16.356923078271965,128,2024-05-10,0.2259872648827416,0.4135461871594082,0.47681180382643285,0.09039382086776016,0.35689367005619227,-0.07105638103722114,0.6412516592138212,-0.2932746077281117,23.0,nearest,2.0
station-1,2024-05-09,18.99109614498058,442.5752489338862,7.7232787351349685,1.9947105683074482,22.430174550497917,129,2024-05-10,0.2259872648827416,0.4135461871594082,0.47681180382643285,0.09039382086776016,0.35689367005619227,-0.07105638103722114,0.6412516592138212,-0.2932746077281117,23.0,nearest,1.0
station-1,2024-05-10,19.001898852743064,443.33163051519415,7.658040063128813,0.0,16.703423478917724,130,2024-05-10,0.2259872648827416,0.4135461871594082,0.47681180382643285,0.09039382086776016,0.35689367005619227,-0.07105638103722114,0.6412516592138212,-0.2932746077281117,23.0,nearest,0.0
station-1,2024-05-11,18.397257869798203,460.06137420929247,7.669421911108157,0.0,14.87326884158806,131,2024-05-10,0.2259872648827416,0.4135461871594082,0.47681180382643285,0.09039382086776016,0.35689367005619227,-0.07105638103722114,0.6412516592138212,-0.2932746077281117,23.0,nearest,-1.0
station-1,2024-05-12,18.764824943725536,455.1201589455779,7.691851940308947,0.0,18.4198646556566,132,2024-05-10,0.2259872648827416,0.4135461871594082,0.47681180382643285,0.09039382086776016,0.35689367005619227,-0.07105638103722114,0.6412516592138212,-0.2932746077281117,23.0,nearest,-2.0
station-1,2024-05-13,18.8558675719025,440.03002545431633,7.735749826227944,0.3709633297941427,11.003752896940686,133,2024-05-15,0.2417250331270348,0.4356983021061364,0.4713376885524915,0.08915871989183341,0.3220090581718169,-0.03929214145127379,0.6602552079709881,-0.28633980982118873,24.0,nearest,2.0
station-1,2024-05-14,17.87892260119879,433.0738773019177,7.641546955395763,0.0,25.033829258011952,134,2024-05-15,0.2417250331270348,0.4356983021061364,0.4713376885524915,0.08915871989183341,0.3220090581718169,-0.03929214145127379,0.6602552079709881,-0.28633980982118873,24.0,nearest,1.0
station-1,2024-05-15,17.916644796356458,434.3940842267682,7.621301661405072,0.0,16.829529337461086,135,2024-05-15,0.2417250331270348,0.4356983021061364,0.4713376885524915,0.08915871989183341,0.3220090581718169,-0.03929214145127379,0.6602552079709881,-0.28633980982118873,24.0,nearest,0.0
station-1,2024-05-16,18.40109951375851,432.3248567819356,7.675626055217907,1.7567068745379242,23.470324139363985,136,2024-05-15,0.2417250331270348,0.4356983021061364,0.4713376885524915,0.08915871989183341,0.3220090581718169,-0.03929214145127379,0.6602552079709881,-0.28633980982118873,24.0,nearest,-1.0
station-1,2024-05-17,18.660568846601493,441.9458623532647,7.699966781083744,0.0,18.056882272612803,137,2024-05-15,0.2417250331270348,0.4356983021061364,0.4713376885524915,0.08915871989183341,0.3220090581718169,-0.03929214145127379,0.6602552079709881,-0.28633980982118873,24.0,nearest,-2.0
station-1,2024-05-18,17.87525153727354,436.2190726950366,7.728574488118381,0.0,18.0504370130455,138,2024-05-15,0.2417250331270348,0.4356983021061364,0.4713376885524915,0.08915871989183341,0.3220090581718169,-0.03929214145127379,0.6602552079709881,-0.28633980982118873,24.0,nearest,-3.0
station-1,2024-05-19,18.707860604746287,442.88601977361384,7.672020175674443,1.9411787186918548,21.101152059697053,139,,,,,,,,,,,nearest,
station-1,2024-05-20,17.177482044478086,435.7111558493088,7.677885500713502,0.0,17.64220605170933,140,,,,,,,,,,,nearest,
station-1,2024-05-21,17.72133461213463,442.44170643095094,7.631700084667221,0.7559011499374706,16.61139652979554,141,,,,,,,,,,,nearest,
station-1,2024-05-22,18.781355610390715,456.13916782948644,7.594808262470844,0.0,18.234771044924944,142,2024-05-25,0.27219820347452334,0.4258629335839097,0.43425582293232456,0.09333989841458674,0.2293958465804992,-0.009757826212753281,0.6404491937946245,-0.22013076212338037,25.0,nearest,3.0
station-1,2024-05-23,19.44659046204025,437.20332371412377,7.5862518378884065,4.1881129973873135,24.050009998428155,143,2024-05-25,0.27219820347452334,0.4258629335839097,0.43425582293232456,0.09333989841458674,0.2293958465804992,-0.009757826212753281,0.6404491937946245,-0.22013076212338037,25.0,nearest,2.0
station-1,2024-05-24,15.743936158621292,433.3965936518987,7.658855214695426,0.770216275400327,19.121643874914692,144,2024-05-25,0.27219820347452334,0.4258629335839097,0.43425582293232456,0.09333989841458674,0.2293958465804992,-0.009757826212753281,0.6404491937946245,-0.22013076212338037,25.0,nearest,1.0
station-1,2024-05-25,18.001421399901815,440.59950782281146,7.707468804038991,1.522775057248739,21.80624708717096,145,2024-05-25,0.27219820347452334,0.4258629335839097,0.43425582293232456,0.09333989841458674,0.2293958465804992,-0.009757826212753281,0.6404491937946245,-0.22013076212338037,25.0,nearest,0.0
station-1,2024-05-26,17.299779785264768,436.8707941699707,7.7407135588794835,0.0,16.889970174831287,146,2024-05-25,0.27219820347452334,0.4258629335839097,0.43425582293232456,0.09333989841458674,0.2293958465804992,-0.009757826212753281,0.6404491937946245,-0.22013076212338037,25.0,nearest,-1.0
station-1,2024-05-27,16.31090911374297,422.12580494825454,7.688429812069823,2.3561534021241544,25.73861228885357,147,2024-05-25,0.27219820347452334,0.4258629335839097,0.43425582293232456,0.09333989841458674,0.2293958465804992,-0.009757826212753281,0.6404491937946245,-0.22013076212338037,25.0,nearest,-2.0
station-1,2024-05-28,17.2059598909771,432.6688292596482,7.691526734595871,0.0,16.369537449728835,148,2024-05-30,0.23160573607238089,0.4603837500509522,0.4535602602349246,0.08277539459366647,0.32394270200034025,0.007465982313176164,0.6952075817564474,-0.33060908954012097,26.0,nearest,2.0
station-1,2024-05-29,15.795167906161971,434.41892311085104,7.68186714055984,0.0,20.513789534464557,149,2024-05-30,0.23160573607238089,0.4603837500509522,0.4535602602349246,0.08277539459366647,0.32394270200034025,0.007465982313176164,0.6952075817564474,-0.33060908954012097,26.0,nearest,1.0
station-1,2024-05-30,17.272300999871575,444.9999659275197,7.6817314838212205,0.0,15.830623652503599,150,2024-05-30,0.23160573607238089,0.4603837500509522,0.4535602602349246,0.08277539459366647,0.32394270200034025,0.007465982313176164,0.6952075817564474,-0.33060908954012097,26.0,nearest,0.0
station-1,2024-05-31,14.024768365905611,425.0755913451203,7.654997848808236,1.4247712842448874,17.079031484285437,151,2024-05-30,0.23160573607238089,0.4603837500509522,0.4535602602349246,0.08277539459366647,0.32394270200034025,0.007465982313176164,0.6952075817564474,-0.33060908954012097,26.0,nearest,-1.0
station-1,2024-06-01,16.74093845101042,442.8248833526596,7.626713209595746,0.0,15.034514063516617,152,2024-05-30,0.23160573607238089,0.4603837500509522,0.4535602602349246,0.08277539459366647,0.32394270200034025,0.007465982313176164,0.6952075817564474,-0.33060908954012097,26.0,nearest,-2.0
station-1,2024-06-02,16.475114514791823,426.02236548558733,7.615147078335009,0.0,7.521901762932812,153,2024-05-30,0.23160573607238089,0.4603837500509522,0.4535602602349246,0.08277539459366647,0.32394270200034025,0.007465982313176164,0.6952075817564474,-0.33060908954012097,26.0,nearest,-3.0
station-1,2024-06-03,15.480567472874045,435.85546195105655,7.6620414854477845,0.0,15.267037999796488,154,,,,,,,,,,,nearest,
station-1,2024-06-04,15.647630527699663,427.8000341724206,7.730569568292776,0.0,12.469712377819679,155,,,,,,,,,,,nearest,
station-1,2024-06-05,15.863370981719958,422.9424440022897,7.615551901361809,1.729868472121443,18.613744653337456,156,,,,,,,,,,,nearest,
station-1,2024-06-06,15.962122978503942,416.4664936514405,7.577290501156133,2.476348920121361,13.107450826968755,157,,,,,,,,,,,nearest,
station-1,2024-06-07,13.407336514651037,418.07816689530233,7.584804888627966,0.8539146565550971,17.750013153553358,158,,,,,,,,,,,nearest,
station-1,2024-06-08,16.419782032143296,435.748193132947,7.594913494810781,1.8921248553940542,17.220735901591105,159,,,,,,,,,,,nearest,
station-1,2024-06-09,15.318525419427804,424.19471583376685,7.57624372061084,0.7074314750074435,9.208731615167116,160,,,,,,,,,,,nearest,
station-1,2024-06-10,16.006855630376634,415.1876751454787,7.5385148377995055,0.0,7.5719631688892965,161,,,,,,,,,,,nearest,
station-1,2024-06-11,14.574766949060054,420.96645825076655,7.632660289734506,0.0,8.427233815653993,162,2024-06-14,0.21268414905158164,0.4748338821542585,0.42380103011270165,0.073184941280215,0.3316917470699323,0.05678930491674059,0.7329108484939998,-0.3812987022942389,27.0,nearest,3.0
station-1,2024-06-12,14.914357895430966,423.89136028978646,7.661468716819439,3.2557853868299826,17.72108803623079,163,2024-06-14,0.21268414905158164,0.4748338821542585,0.42380103011270165,0.073184941280215,0.3316917470699323,0.05678930491674059,0.7329108484939998,-0.3812987022942389,27.0,nearest,2.0
station-1,2024-06-13,14.894437612268943,424.332756430326,7.622786445039164,0.0,11.830009608917479,164,2024-06-14,0.21268414905158164,0.4748338821542585,0.42380103011270165,0.073184941280215,0.3316917470699323,0.05678930491674059,0.7329108484939998,-0.3812987022942389,27.0,nearest,1.0
station-1,2024-06-14,14.531960680117106,426.6753512657809,7.622651124507036,3.2517774822821433,8.942281023508222,165,2024-06-14,0.21268414905158164,0.4748338821542585,0.42380103011270165,0.073184941280215,0.3316917470699323,0.05678930491674059,0.7329108484939998,-0.3812987022942389,27.0,nearest,0.0
station-1,2024-06-15,14.59320316749068,417.02997633112363,7.590461067222474,0.0,12.983670334224106,166,2024-06-14,0.21268414905158164,0.4748338821542585,0.42380103011270165,0.073184941280215,0.3316917470699323,0.05678930491674059,0.7329108484939998,-0.3812987022942389,27.0,nearest,-1.0
station-1,2024-06-16,16.04177535322667,403.29286152693294,7.6144555166584,5.477733205968242,13.787327008986738,167,2024-06-14,0.21268414905158164,0.4748338821542585,0.42380103011270165,0.073184941280215,0.3316917470699323,0.05678930491674059,0.7329108484939998,-0.3812987022942389,27.0,nearest,-2.0
station-1,2024-06-17,15.268091990881727,426.680614874363,7.6367977687565345,0.0,4.877516845106596,168,2024-06-19,0.2026979469098542,0.47270297189495925,0.42963718334500994,0.08109062209585648,0.35889076152338295,0.047726778310665276,0.7071449616760959,-0.3997699995180711,28.0,nearest,2.0
station-1,2024-06-18,13.054290570447215,423.27567463206566,7.643327458493824,0.0,4.780180667255417,169,2024-06-19,0.2026979469098542,0.47270297189495925,0.42963718334500994,0.08109062209585648,0.35889076152338295,0.047726778310665276,0.7071449616760959,-0.3997699995180711,28.0,nearest,1.0
station-1,2024-06-19,14.192898439026658,418.95286454202505,7.521073687714382,0.0,7.787254141379215,170,2024-06-19,0.2026979469098542,0.47270297189495925,0.42963718334500994,0.08109062209585648,0.35889076152338295,0.047726778310665276,0.7071449616760959,-0.3997699995180711,28.0,nearest,0.0
station-1,2024-06-20,14.362354791189162,404.2400409941388,7.5156366014350375,0.0,5.896779160013361,171,2024-06-19,0.2026979469098542,0.47270297189495925,0.42963718334500994,0.08109062209585648,0.35889076152338295,0.047726778310665276,0.7071449616760959,-0.3997699995180711,28.0,nearest,-1.0
station-1,2024-06-21,13.65557725357418,409.33137921996934,7.573099937081709,0.0,13.09493157759784,172,2024-06-19,0.2026979469098542,0.47270297189495925,0.42963718334500994,0.08109062209585648,0.35889076152338295,0.047726778310665276,0.7071449616760959,-0.3997699995180711,28.0,nearest,-2.0
station-1,2024-06-22,13.015904313755769,411.38331069966154,7.602815547527802,7.261432872874368,23.786911066614078,173,2024-06-24,0.18953992830357452,0.4976703272461636,0.4106804288807264,0.06126652278007869,0.368432189828659,0.09576685853860327,0.7807747949443584,-0.44837863878515355,29.0,nearest,2.0
station-1,2024-06-23,11.450700547163432,421.61946604580737,7.540102307725741,0.0,1.3146887219013903,174,2024-06-24,0.18953992830357452,0.4976703272461636,0.4106804288807264,0.06126652278007869,0.368432189828659,0.09576685853860327,0.7807747949443584,-0.44837863878515355,29.0,nearest,1.0
station-1,2024-06-24,12.645337016665671,410.49370773626947,7.569302554445642,0.0,4.530469864682162,175,2024-06-24,0.18953992830357452,0.4976703272461636,0.4106804288807264,0.06126652278007869,0.368432189828659,0.09576685853860327,0.7807747949443584,-0.44837863878515355,29.0,nearest,0.0
station-1,2024-06-25,11.513845504784745,413.209793001116,7.496757546137243,0.0,6.6793859388937955,176,2024-06-24,0.18953992830357452,0.4976703272461636,0.4106804288807264,0.06126652278007869,0.368432189828659,0.09576685853860327,0.7807747949443584,-0.44837863878515355,29.0,nearest,-1.0
station-1,2024-06-26,11.920694193319129,418.0990783582674,7.519447796087655,0.0,7.78022588245328,177,2024-06-24,0.18953992830357452,0.4976703272461636,0.4106804288807264,0.06126652278007869,0.368432189828659,0.09576685853860327,0.7807747949443584,-0.44837863878515355,29.0,nearest,-2.0
station-1,2024-06-27,12.414657092549298,412.49755676298344,7.565435746389083,0.0,3.8720543305170505,178,2024-06-24,0.18953992830357452,0.4976703272461636,0.4106804288807264,0.06126652278007869,0.368432189828659,0.09576685853860327,0.7807747949443584,-0.44837863878515355,29.0,nearest,-3.0
station-1,2024-06-28,11.249212771981282,403.8127299826482,7.505666619134275,0.0,15.589953153088373,179,,,,,,,,,,,nearest,
station-2,2024-01-01,16.148710670527954,491.0959815520872,7.656465106934512,0.8713172608710704,19.16832287679122,180,2024-01-01,0.2494909514648583,0.4410242967222434,0.41833724630281227,0.09021769370402533,0.2528289392426846,0.02639989024825338,0.6603517969969406,-0.2773774304915672,30.0,nearest,0.0
station-2,2024-01-02,14.750245244698487,471.5826783154743,7.59616449822131,0.0,24.716819146329517,181,2024-01-01,0.2494909514648583,0.4410242967222434,0.41833724630281227,0.09021769370402533,0.2528289392426846,0.02639989024825338,0.6603517969969406,-0.2773774304915672,30.0,nearest,-1.0
station-2,2024-01-03,17.889643595650092,486.66977434980856,7.601815520679474,0.0,18.702107786128387,182,2024-01-01,0.2494909514648583,0.4410242967222434,0.41833724630281227,0.09021769370402533,0.2528289392426846,0.02639989024825338,0.6603517969969406,-0.2773774304915672,30.0,nearest,-2.0
station-2,2024-01-04,16.992078636194513,481.8469003844124,7.591777095222862,0.0,18.625968460077782,183,2024-01-06,0.27159068699560496,0.4340978978962339,0.43153820871709064,0.11343251817112307,0.22747965941488146,0.002957003710436299,0.5856576553834092,-0.23028176221036148,31.0,nearest,2.0
station-2,2024-01-05,15.899264951138937,494.4695914958898,7.549406053693377,0.0,20.253495710935617,184,2024-01-06,0.27159068699560496,0.4340978978962339,0.43153820871709064,0.11343251817112307,0.22747965941488146,0.002957003710436299,0.5856576553834092,-0.23028176221036148,31.0,nearest,1.0
station-2,2024-01-06,14.554631234023816,484.21144436140185,7.655864999845506,0.2810405394242182,21.869286233307022,185,2024-01-06,0.27159068699560496,0.4340978978962339,0.43153820871709064,0.11343251817112307,0.22747965941488146,0.002957003710436299,0.5856576553834092,-0.23028176221036148,31.0,nearest,0.0
station-2,2024-01-07,16.578880661922447,483.419153793614,7.679453252569876,0.0,18.57818832183394,186,2024-01-06,0.27159068699560496,0.4340978978962339,0.43153820871709064,0.11343251817112307,0.22747965941488146,0.002957003710436299,0.5856576553834092,-0.23028176221036148,31.0,nearest,-1.0
station-2,2024-01-08,17.505293164575967,491.0231039939227,7.644085277608703,0.0,19.738655755299146,187,2024-01-06,0.27159068699560496,0.4340978978962339,0.43153820871709064,0.11343251817112307,0.22747965941488146,0.002957003710436299,0.5856576553834092,-0.23028176221036148,31.0,nearest,-2.0
station-2,2024-01-09,16.81282355535662,491.7433117881617,7.639657560503819,0.0,18.02367667810294,188,2024-01-06,0.27159068699560496,0.4340978978962339,0.43153820871709064,0.11343251817112307,0.22747965941488146,0.002957003710436299,0.5856576553834092,-0.23028176221036148,31.0,nearest,-3.0
station-2,2024-01-10,17.29306015142823,485.85514339710863,7.6854053371761815,1.3697743103858526,23.619403294471994,189,,,,,,,,,,,nearest,
station-2,2024-01-11,16.026233430191876,471.6232791285381,7.681598729001168,0.0,17.333459859994797,190,,,,,,,,,,,nearest,
station-2,2024-01-12,16.31800582969841,492.77777369945534,7.645045142750763,0.0,14.370236976771778,191,,,,,,,,,,,nearest,
station-2,2024-01-13,17.694030287664724,484.59366115791306,7.65877939988396,0.0,13.52835701037186,192,2024-01-16,0.263519030953425,0.40166352526383337,0.4762143201132726,0.10247549217030072,0.28752967383874256,-0.08492160411841215,0.5934633558344286,-0.20767906948132347,32.0,nearest,3.0
station-2,2024-01-14,18.493111124759633,487.2327264770114,7.651272286090132,0.0,16.887889856524552,193,2024-01-16,0.263519030953425,0.40166352526383337,0.4762143201132726,0.10247549217030072,0.28752967383874256,-0.08492160411841215,0.5934633558344286,-0.20767906948132347,32.0,nearest,2.0
station-2,2024-01-15,15.227264629178178,470.60109878072706,7.674101273483012,0.0,9.687591455034612,194,2024-01-16,0.263519030953425,0.40166352526383337,0.4762143201132726,0.10247549217030072,0.28752967383874256,-0.08492160411841215,0.5934633558344286,-0.20767906948132347,32.0,nearest,1.0
station-2,2024-01-16,17.2210211227036,476.82914408863576,7.632018700767032,1.123156363956459,26.411068135762363,195,2024-01-16,0.263519030953425,0.40166352526383337,0.4762143201132726,0.10247549217030072,0.28752967383874256,-0.08492160411841215,0.5934633558344286,-0.20767906948132347,32.0,nearest,0.0
station-2,2024-01-17,17.58329007978726,487.42979385561614,7.666755488628589,0.0,18.838113919538674,196,2024-01-16,0.263519030953425,0.40166352526383337,0.4762143201132726,0.10247549217030072,0.28752967383874256,-0.08492160411841215,0.5934633558344286,-0.20767906948132347,32.0,nearest,-1.0
station-2,2024-01-18,18.135948711986337,489.34302684089363,7.598427201598009,16.05559605257044,53.80518186414983,197,2024-01-16,0.263519030953425,0.40166352526383337,0.4762143201132726,0.10247549217030072,0.28752967383874256,-0.08492160411841215,0.5934633558344286,-0.20767906948132347,32.0,nearest,-2.0
station-2,2024-01-19,17.070742363469282,482.20382752196,7.677917728971285,1.5922379553224233,15.288202926483342,198,2024-01-16,0.263519030953425,0.40166352526383337,0.4762143201132726,0.10247549217030072,0.28752967383874256,-0.08492160411841215,0.5934633558344286,-0.20767906948132347,32.0,nearest,-3.0
station-2,2024-01-20,18.07993482385773,481.6410853356423,7.684643122190242,0.0,14.33945645619316,199,,,,,,,,,,,nearest,
station-2,2024-01-21,18.67680871843984,483.1367453011671,7.707368826096407,3.202252244611974,22.39098595884531,200,,,,,,,,,,,nearest,
station-2,2024-01-22,17.7321281002856,472.3501897539485,7.680123425074323,0.0,21.10666176882427,201,,,,,,,,,,,nearest,
station-2,2024-01-23,19.0511014466985,468.1857075497634,7.627805377539337,0.0,16.650337955556946,202,,,,,,,,,,,nearest,
station-2,2024-01-24,19.864340873943007,462.62590872081097,7.727554201666207,7.817583423206832,27.462732316790024,203,,,,,,,,,,,nearest,
station-2,2024-01-25,17.6001101312254,471.30458241390704,7.725255031727939,2.726728783224219,20.238827884544364,204,,,,,,,,,,,nearest,
station-2,2024-01-26,18.659324644201526,472.6387270944625,7.677111572151102,0.0,16.986179453424604,205,,,,,,,,,,,nearest,
station-2,2024-01-27,18.377873128755773,489.0381572764986,7.671862708498818,0.0,20.708929045092592,206,,,,,,,,,,,nearest,
station-2,2024-01-28,17.954676372711514,485.58385599711454,7.672530976793739,0.0,11.123081883411995,207,2024-01-31,0.2234999230537183,0.4216402743698444,0.48546218165543004,0.08024139167093312,0.3695010732755339,-0.07035799193537555,0.6802378046445172,-0.30712758576728144,33.0,nearest,3.0
station-2,2024-01-29,19.714629387760944,470.76232911922517,7.7242034317548995,0.8405316273531107,15.918144706333402,208,2024-01-31,0.2234999230537183,0.4216402743698444,0.48546218165543004,0.08024139167093312,0.3695010732755339,-0.07035799193537555,0.6802378046445172,-0.30712758576728144,33.0,nearest,2.0
station-2,2024-01-30,17.627028108120985,458.1323044277225,7.65823409571766,0.0,17.724673984252185,209,2024-01-31,0.2234999230537183,0.4216402743698444,0.48546218165543004,0.08024139167093312,0.3695010732755339,-0.07035799193537555,0.6802378046445172,-0.30712758576728144,33.0,nearest,1.0
station-2,2024-01-31,18.441176520360905,472.2024234877723,7.676901501683808,0.0,16.183560430917293,210,2024-01-31,0.2234999230537183,0.4216402743698444,0.48546218165543004,0.08024139167093312,0.3695010732755339,-0.07035799193537555,0.6802378046445172,-0.30712758576728144,33.0,nearest,0.0
station-2,2024-02-01,17.869488108978505,471.57632743954576,7.780458136736873,0.0,15.567452164665125,211,2024-01-31,0.2234999230537183,0.4216402743698444,0.48546218165543004,0.08024139167093312,0.3695010732755339,-0.07035799193537555,0.6802378046445172,-0.30712758576728144,33.0,nearest,-1.0
station-2,2024-02-02,17.842389850287475,459.0420362873131,7.753392260172281,0.0,13.121366767504318,212,2024-01-31,0.2234999230537183,0.4216402743698444,0.48546218165543004,0.08024139167093312,0.3695010732755339,-0.07035799193537555,0.6802378046445172,-0.30712758576728144,33.0,nearest,-2.0
station-2,2024-02-03,19.679514251206783,463.61628629770166,7.661105679823494,7.115370241656412,27.355272242514445,213,2024-02-05,0.19788918433734673,0.43302731118673504,0.46301576731037647,0.07694668259851924,0.4011569020810544,-0.03346764998613635,0.6982329156536525,-0.3726929451322504,34.0,nearest,2.0
station-2,2024-02-04,19.03010324662483,461.0933981070358,7.652988507422929,0.0,14.222991070487668,214,2024-02-05,0.19788918433734673,0.43302731118673504,0.46301576731037647,0.07694668259851924,0.4011569020810544,-0.03346764998613635,0.6982329156536525,-0.3726929451322504,34.0,nearest,1.0
station-2,2024-02-05,17.697368657567388,451.51378902071224,7.736893798287928,0.0,10.42988912216913,215,2024-02-05,0.19788918433734673,0.43302731118673504,0.46301576731037647,0.07694668259851924,0.4011569020810544,-0.03346764998613635,0.6982329156536525,-0.3726929451322504,34.0,nearest,0.0
station-2,2024-02-06,19.31358715941035,460.4907861662261,7.680390391002552,0.3519267944824554,14.055453628099679,216,2024-02-05,0.19788918433734673,0.43302731118673504,0.46301576731037647,0.07694668259851924,0.4011569020810544,-0.03346764998613635,0.6982329156536525,-0.3726929451322504,34.0,nearest,-1.0
station-2,2024-02-07,20.22691836347112,450.6159785815178,7.684110030474882,0.0,13.670552843903364,217,2024-02-05,0.19788918433734673,0.43302731118673504,0.46301576731037647,0.07694668259851924,0.4011569020810544,-0.03346764998613635,0.6982329156536525,-0.3726929451322504,34.0,nearest,-2.0
station-2,2024-02-08,19.82430703771115,462.27997902453535,7.739910922235512,7.234134724663669,26.789030489258746,218,2024-02-10,0.1874225828717975,0.4235769823576606,0.4728750137878467,0.05897973583175713,0.4323087534471037,-0.05499238290745496,0.75555314594706,-0.3865050205022264,35.0,nearest,2.0
station-2,2024-02-09,20.19429931112013,448.4472996906596,7.639980452989872,0.0,13.024971322878384,219,2024-02-10,0.1874225828717975,0.4235769823576606,0.4728750137878467,0.05897973583175713,0.4323087534471037,-0.05499238290745496,0.75555314594706,-0.3865050205022264,35.0,nearest,1.0
station-2,2024-02-10,20.575676885273285,449.55647020343997,7.692845185856283,0.0,9.946522658490817,220,2024-02-10,0.1874225828717975,0.4235769823576606,0.4728750137878467,0.05897973583175713,0.4323087534471037,-0.05499238290745496,0.75555314594706,-0.3865050205022264,35.0,nearest,0.0
station-2,2024-02-11,20.18050971323052,455.29274640229494,7.697947793334646,0.0,11.642674997785024,221,2024-02-10,0.1874225828717975,0.4235769823576606,0.4728750137878467,0.05897973583175713,0.4323087534471037,-0.05499238290745496,0.75555314594706,-0.3865050205022264,35.0,nearest,-1.0
station-2,2024-02-12,19.378501372736476,453.1578823299701,7.726655353447568,0.0,21.159322237850233,222,2024-02-10,0.1874225828717975,0.4235769823576606,0.4728750137878467,0.05897973583175713,0.4323087534471037,-0.05499238290745496,0.75555314594706,-0.3865050205022264,35.0,nearest,-2.0
station-2,2024-02-13,18.378538344558436,449.49526943426173,7.7269784108372885,0.0,15.906333116692096,223,2024-02-15,0.22944996049774952,0.42344243821812694,0.46079436986129685,0.09944824695435114,0.33516307079727586,-0.042242000448159234,0.6196212716179955,-0.2971277933422509,36.0,nearest,2.0
station-2,2024-02-14,19.796751627329748,444.53123166357733,7.715001463832078,0.0,16.957288949524038,224,2024-02-15,0.22944996049774952,0.42344243821812694,0.46079436986129685,0.09944824695435114,0.33516307079727586,-0.042242000448159234,0.6196212716179955,-0.2971277933422509,36.0,nearest,1.0
station-2,2024-02-15,18.740103101022548,461.4476858347794,7.70005720646472,0.0,20.25701801831089,225,2024-02-15,0.22944996049774952,0.42344243821812694,0.46079436986129685,0.09944824695435114,0.33516307079727586,-0.042242000448159234,0.6196212716179955,-0.2971277933422509,36.0,nearest,0.0
station-2,2024-02-16,19.868670097661177,457.8615227394293,7.6934255090841805,2.7828044262121883,22.35659081652259,226,2024-02-15,0.22944996049774952,0.42344243821812694,0.46079436986129685,0.09944824695435114,0.33516307079727586,-0.042242000448159234,0.6196212716179955,-0.2971277933422509,36.0,nearest,-1.0
station-2,2024-02-17,19.037272864252785,441.23249036248666,7.660926438432247,0.0,13.83617439186752,227,2024-02-15,0.22944996049774952,0.42344243821812694,0.46079436986129685,0.09944824695435114,0.33516307079727586,-0.042242000448159234,0.6196212716179955,-0.2971277933422509,36.0,nearest,-2.0
station-2,2024-02-18,18.4432133556264,448.34417454668187,7.762857548617981,0.0,19.439874803131012,228,2024-02-15,0.22944996049774952,0.42344243821812694,0.46079436986129685,0.09944824695435114,0.33516307079727586,-0.042242000448159234,0.6196212716179955,-0.2971277933422509,36.0,nearest,-3.0
station-2,2024-02-19,19.563018329691047,447.4374413583336,7.728114060136675,3.414321046527828,26.228906285223243,229,,,,,,,,,,,nearest,
station-2,2024-02-20,20.313029695036764,452.09588777527483,7.741357906032142,0.0,22.156086912851144,230,,,,,,,,,,,nearest,
station-2,2024-02-21,20.245923526974074,437.4569581402314,7.683721067792429,0.0,24.60119154913865,231,,,,,,,,,,,nearest,
station-2,2024-02-22,20.273826620837614,454.23719949832673,7.688938509808232,0.0,24.59828661494215,232,2024-02-25,0.2829399375945956,0.3933695173189616,0.47266359572218675,0.1217412216174393,0.2510888974999679,-0.09156009996520494,0.527320195774562,-0.16328261999306304,37.0,nearest,3.0
station-2,2024-02-23,21.551453467683213,435.9522853271554,7.759494735951544,0.0,16.010600047980695,233,2024-02-25,0.2829399375945956,0.3933695173189616,0.47266359572218675,0.1217412216174393,0.2510888974999679,-0.09156009996520494,0.527320195774562,-0.16328261999306304,37.0,nearest,2.0
station-2,2024-02-24,19.592920751357177,451.04758344398795,7.757319033968542,0.0,23.708320921126777,234,2024-02-25,0.2829399375945956,0.3933695173189616,0.47266359572218675,0.1217412216174393,0.2510888974999679,-0.09156009996520494,0.527320195774562,-0.16328261999306304,37.0,nearest,1.0
station-2,2024-02-25,20.7754725303874,446.96168595234576,7.736457442497174,0.0,31.00433344718069,235,2024-02-25,0.2829399375945956,0.3933695173189616,0.47266359572218675,0.1217412216174393,0.2510888974999679,-0.09156009996520494,0.527320195774562,-0.16328261999306304,37.0,nearest,0.0
station-2,2024-02-26,19.14547675446419,456.9942508540007,7.7635883335865525,1.6836771455472055,26.68134254963356,236,2024-02-25,0.2829399375945956,0.3933695173189616,0.47266359572218675,0.1217412216174393,0.2510888974999679,-0.09156009996520494,0.527320195774562,-0.16328261999306304,37.0,nearest,-1.0
station-2,2024-02-27,20.36129270670812,434.1295108515391,7.760038196947554,2.4928371466467363,27.737799308612257,237,2024-02-25,0.2829399375945956,0.3933695173189616,0.47266359572218675,0.1217412216174393,0.2510888974999679,-0.09156009996520494,0.527320195774562,-0.16328261999306304,37.0,nearest,-2.0
station-2,2024-02-28,21.915505784891906,451.44026952343984,7.755300094469848,0.0,23.88784534950333,238,2024-03-01,0.27847461291587594,0.3909903537231231,0.48312733686471926,0.10317156329410929,0.2687134979207975,-0.10540569551868269,0.5824382262524229,-0.168068153546741,38.0,nearest,2.0
station-2,2024-02-29,20.258844981893606,445.08205764572097,7.6677379731678075,0.0,23.284907110242795,239,2024-03-01,0.27847461291587594,0.3909903537231231,0.48312733686471926,0.10317156329410929,0.2687134979207975,-0.10540569551868269,0.5824382262524229,-0.168068153546741,38.0,nearest,1.0
station-2,2024-03-01,20.05290611990105,447.0548218708198,7.727978423138051,0.0,25.997856256901134,240,2024-03-01,0.27847461291587594,0.3909903537231231,0.48312733686471926,0.10317156329410929,0.2687134979207975,-0.10540569551868269,0.5824382262524229,-0.168068153546741,38.0,nearest,0.0
station-2,2024-03-02,19.66924129045188,460.9132559410668,7.68599478010829,4.214474692184369,26.467802558672613,241,2024-03-01,0.27847461291587594,0.3909903537231231,0.48312733686471926,0.10317156329410929,0.2687134979207975,-0.10540569551868269,0.5824382262524229,-0.168068153546741,38.0,nearest,-1.0
station-2,2024-03-03,22.13168116025551,452.2500450775467,7.724906270372748,0.0,22.07169471710321,242,2024-03-01,0.27847461291587594,0.3909903537231231,0.48312733686471926,0.10317156329410929,0.2687134979207975,-0.10540569551868269,0.5824382262524229,-0.168068153546741,38.0,nearest,-2.0
station-2,2024-03-04,21.406381735407162,445.768463353324,7.721582272143368,0.0,22.73656459900124,243,2024-03-06,0.26277762279705946,0.38618047599400385,0.47347954888523147,0.11254122021301134,0.2861797944959019,-0.1015506948848661,0.5486812742700634,-0.19015534812930168,39.0,nearest,2.0
station-2,2024-03-05,21.206107879675347,447.93675805750144,7.756923254949358,0.8609224904325563,29.724434917397414,244,2024-03-06,0.26277762279705946,0.38618047599400385,0.47347954888523147,0.11254122021301134,0.2861797944959019,-0.1015506948848661,0.5486812742700634,-0.19015534812930168,39.0,nearest,1.0
station-2,2024-03-06,21.03166256500661,444.7575458562564,7.709834550360005,0.0,29.361551501860177,245,2024-03-06,0.26277762279705946,0.38618047599400385,0.47347954888523147,0.11254122021301134,0.2861797944959019,-0.1015506948848661,0.5486812742700634,-0.19015534812930168,39.0,nearest,0.0
station-2,2024-03-07,20.725712190417465,443.7728424994709,7.722472464438741,0.0,28.908517807012046,246,2024-03-06,0.26277762279705946,0.38618047599400385,0.47347954888523147,0.11254122021301134,0.2861797944959019,-0.1015506948848661,0.5486812742700634,-0.19015534812930168,39.0,nearest,-1.0
station-2,2024-03-08,22.041420077617136,455.02907613982177,7.74761861046451,0.0,24.655638055702777,247,2024-03-06,0.26277762279705946,0.38618047599400385,0.47347954888523147,0.11254122021301134,0.2861797944959019,-0.1015506948848661,0.5486812742700634,-0.19015534812930168,39.0,nearest,-2.0
station-2,2024-03-09,21.332692512864863,435.99492215968667,7.692091641234787,0.8012065916845392,25.309128811169252,248,2024-03-11,0.2728355947952225,0.3874956218865366,0.5218275831886107,0.10808016049901521,0.3133302200123506,-0.147727409299945,0.5638198461645966,-0.17364017358969336,40.0,nearest,2.0
station-2,2024-03-10,20.844766905731333,437.79436486359526,7.687760176270061,0.0,20.095975342962454,249,2024-03-11,0.2728355947952225,0.3874956218865366,0.5218275831886107,0.10808016049901521,0.3133302200123506,-0.147727409299945,0.5638198461645966,-0.17364017358969336,40.0,nearest,1.0
station-2,2024-03-11,21.24077728157496,447.7698547360285,7.708925692641734,0.9001645719466315,28.68786175968816,250,2024-03-11,0.2728355947952225,0.3874956218865366,0.5218275831886107,0.10808016049901521,0.3133302200123506,-0.147727409299945,0.5638198461645966,-0.17364017358969336,40.0,nearest,0.0
station-2,2024-03-12,21.767254655650706,452.05476394203953,7.739380363989425,2.4259777057533065,24.486863133279243,251,2024-03-11,0.2728355947952225,0.3874956218865366,0.5218275831886107,0.10808016049901521,0.3133302200123506,-0.147727409299945,0.5638198461645966,-0.17364017358969336,40.0,nearest,-1.0
station-2,2024-03-13,20.91508543811108,453.0836042330729,7.8039029314855295,0.0,22.58159419498028,252,2024-03-11,0.2728355947952225,0.3874956218865366,0.5218275831886107,0.10808016049901521,0.3133302200123506,-0.147727409299945,0.5638198461645966,-0.17364017358969336,40.0,nearest,-2.0
station-2,2024-03-14,19.9530928890329,451.6957420836834,7.713419797970795,0.0,18.09471022979004,253,2024-03-16,0.27403860779219336,0.3647851467393779,0.48328042360507967,0.10879266455449994,0.27629282658700627,-0.1397241923375957,0.5405499921659597,-0.14205254313644933,41.0,nearest,2.0
station-2,2024-03-15,20.054030644049046,448.8411095009665,7.681079396255803,10.567763858689677,46.36157411076351,254,2024-03-16,0.27403860779219336,0.3647851467393779,0.48328042360507967,0.10879266455449994,0.27629282658700627,-0.1397241923375957,0.5405499921659597,-0.14205254313644933,41.0,nearest,1.0
station-2,2024-03-16,20.082603499970972,450.0604123863296,7.718827469935728,3.6129404826894387,29.18778166705148,255,2024-03-16,0.27403860779219336,0.3647851467393779,0.48328042360507967,0.10879266455449994,0.27629282658700627,-0.1397241923375957,0.5405499921659597,-0.14205254313644933,41.0,nearest,0.0
station-2,2024-03-17,19.580635128828668,452.0548152018065,7.6642852679467826,1.196714041913913,33.758273617334474,256,2024-03-16,0.27403860779219336,0.3647851467393779,0.48328042360507967,0.10879266455449994,0.27629282658700627,-0.1397241923375957,0.5405499921659597,-0.14205254313644933,41.0,nearest,-1.0
station-2,2024-03-18,20.347035125855225,455.9694922365691,7.744470958504206,0.38100517072597284,24.924101455083555,257,2024-03-16,0.27403860779219336,0.3647851467393779,0.48328042360507967,0.10879266455449994,0.27629282658700627,-0.1397241923375957,0.5405499921659597,-0.14205254313644933,41.0,nearest,-2.0
station-2,2024-03-19,21.22921695073183,462.8907853262267,7.7441202375432905,0.2993167476996976,23.26770412842494,258,2024-03-21,0.2539973460101215,0.38152935324649273,0.47087264268372325,0.10495572900268749,0.29919199312471595,-0.10481356198577559,0.5685140908434738,-0.2006713602836001,42.0,nearest,2.0
station-2,2024-03-20,19.117220190741307,455.6118263763446,7.726200877906137,0.0,24.97149368941556,259,2024-03-21,0.2539973460101215,0.38152935324649273,0.47087264268372325,0.10495572900268749,0.29919199312471595,-0.10481356198577559,0.5685140908434738,-0.2006713602836001,42.0,nearest,1.0
station-2,2024-03-21,21.330086253515724,453.6423496664175,7.71771705396676,0.0,25.97735044535851,260,2024-03-21,0.2539973460101215,0.38152935324649273,0.47087264268372325,0.10495572900268749,0.29919199312471595,-0.10481356198577559,0.5685140908434738,-0.2006713602836001,42.0,nearest,0.0
station-2,2024-03-22,21.506629337474727,463.1053447325906,7.7398310259599015,0.0,24.273917967989238,261,2024-03-21,0.2539973460101215,0.38152935324649273,0.47087264268372325,0.10495572900268749,0.29919199312471595,-0.10481356198577559,0.5685140908434738,-0.2006713602836001,42.0,nearest,-1.0
station-2,2024-03-23,20.18474825182253,462.76264644842973,7.698969370507964,0.0,25.264754389393946,262,2024-03-21,0.2539973460101215,0.38152935324649273,0.47087264268372325,0.10495572900268749,0.29919199312471595,-0.10481356198577559,0.5685140908434738,-0.2006713602836001,42.0,nearest,-2.0
station-2,2024-03-24,20.018533955036013,467.60171224697837,7.739919045222125,8.986326950996556,37.12350168638275,263,2024-03-26,0.2333783073520593,0.3880889067171779,0.4937040904216542,0.0928382119941073,0.3580416523171214,-0.11977321667008878,0.613919829503976,-0.24894410495463784,43.0,nearest,2.0
station-2,2024-03-25,19.348621859217122,454.1295270341374,7.686147622404317,2.614511878710593,23.85587271596287,264,2024-03-26,0.2333783073520593,0.3880889067171779,0.4937040904216542,0.0928382119941073,0.3580416523171214,-0.11977321667008878,0.613919829503976,-0.24894410495463784,43.0,nearest,1.0
station-2,2024-03-26,20.074507623945642,460.0412528397452,7.72765460181055,0.0,21.20012755951591,265,2024-03-26,0.2333783073520593,0.3880889067171779,0.4937040904216542,0.0928382119941073,0.3580416523171214,-0.11977321667008878,0.613919829503976,-0.24894410495463784,43.0,nearest,0.0
station-2,2024-03-27,21.17220237944956,464.81429171256235,7.757779004691411,5.959026451167988,31.659410308515373,266,2024-03-26,0.2333783073520593,0.3880889067171779,0.4937040904216542,0.0928382119941073,0.3580416523171214,-0.11977321667008878,0.613919829503976,-0.24894410495463784,43.0,nearest,-1.0
station-2,2024-03-28,18.61993912726628,461.5813297363709,7.715981111312249,0.0,20.94805620035335,267,2024-03-26,0.2333783073520593,0.3880889067171779,0.4937040904216542,0.0928382119941073,0.3580416523171214,-0.11977321667008878,0.613919829503976,-0.24894410495463784,43.0,nearest,-2.0
station-2,2024-03-29,21.491084513093544,463.91964776877603,7.688619474679209,0.0,16.07963092737255,268,2024-03-26,0.2333783073520593,0.3880889067171779,0.4937040904216542,0.0928382119941073,0.3580416523171214,-0.11977321667008878,0.613919829503976,-0.24894410495463784,43.0,nearest,-3.0
station-2,2024-03-30,20.3211021482961,468.9545845748277,7.7272134879059475,0.0,21.114873483331692,269,,,,,,,,,,,nearest,
station-2,2024-03-31,19.73978976780362,461.6807487468557,7.76442886954227,0.0,22.358316273879943,270,,,,,,,,,,,nearest,
station-2,2024-04-01,21.329267221254785,461.5158692099657,7.732267024876534,6.56417530172804,30.54911652843491,271,,,,,,,,,,,nearest,
station-2,2024-04-02,22.15255047853803,467.00242538020586,7.647819254880578,0.0,17.499915243109896,272,2024-04-05,0.20842387586329952,0.39675563771765004,0.49007049374539235,0.07609164849220518,0.4032195965156827,-0.10522339466226151,0.6781555030076463,-0.3111998301792465,44.0,nearest,3.0
station-2,2024-04-03,20.77877235051478,459.3241127491894,7.706954229785704,0.0,15.744721846613519,273,2024-04-05,0.20842387586329952,0.39675563771765004,0.49007049374539235,0.07609164849220518,0.4032195965156827,-0.10522339466226151,0.6781555030076463,-0.3111998301792465,44.0,nearest,2.0
station-2,2024-04-04,20.540628438449613,454.9594289117695,7.683326260918999,1.0232087740836506,25.610418318797496,274,2024-04-05,0.20842387586329952,0.39675563771765004,0.49007049374539235,0.07609164849220518,0.4032195965156827,-0.10522339466226151,0.6781555030076463,-0.3111998301792465,44.0,nearest,1.0
station-2,2024-04-05,20.69270794754813,463.53908416621726,7.764582161169646,0.0,16.884877755184434,275,2024-04-05,0.20842387586329952,0.39675563771765004,0.49007049374539235,0.07609164849220518,0.4032195965156827,-0.10522339466226151,0.6781555030076463,-0.3111998301792465,44.0,nearest,0.0
station-2,2024-04-06,21.117921318633385,469.0458730600355,7.7135272306446225,8.731939480658095,37.00086851781982,276,2024-04-05,0.20842387586329952,0.39675563771765004,0.49007049374539235,0.07609164849220518,0.4032195965156827,-0.10522339466226151,0.6781555030076463,-0.3111998301792465,44.0,nearest,-1.0
station-2,2024-04-07,18.966328215265207,467.49584280984305,7.727543152115411,0.0,26.10899888684472,277,2024-04-05,0.20842387586329952,0.39675563771765004,0.49007049374539235,0.07609164849220518,0.4032195965156827,-0.10522339466226151,0.6781555030076463,-0.3111998301792465,44.0,nearest,-2.0
station-2,2024-04-08,19.897873289227903,477.65732493508034,7.710620104162666,7.766291075360124,30.942871650265733,278,2024-04-10,0.2093299997583287,0.4511460433904785,0.48297367926985896,0.07073535255955522,0.3952653839651033,-0.03407233045967232,0.728921731609963,-0.36612386798966445,45.0,nearest,2.0
station-2,2024-04-09,18.24268856467098,468.4662588519396,7.747153866883845,9.217303767950412,29.705451147232925,279,2024-04-10,0.2093299997583287,0.4511460433904785,0.48297367926985896,0.07073535255955522,0.3952653839651033,-0.03407233045967232,0.728921731609963,-0.36612386798966445,45.0,nearest,1.0
station-2,2024-04-10,20.862192517485482,473.5147121054503,7.655550441007033,0.0,11.216304242213031,280,2024-04-10,0.2093299997583287,0.4511460433904785,0.48297367926985896,0.07073535255955522,0.3952653839651033,-0.03407233045967232,0.728921731609963,-0.36612386798966445,45.0,nearest,0.0
station-2,2024-04-11,19.37286909443243,487.4263406340892,7.676278271366776,0.0,12.575833568109331,281,2024-04-10,0.2093299997583287,0.4511460433904785,0.48297367926985896,0.07073535255955522,0.3952653839651033,-0.03407233045967232,0.728921731609963,-0.36612386798966445,45.0,nearest,-1.0
station-2,2024-04-12,19.492664290189936,473.22417788220713,7.747086433884931,0.0,14.403145783505718,282,2024-04-10,0.2093299997583287,0.4511460433904785,0.48297367926985896,0.07073535255955522,0.3952653839651033,-0.03407233045967232,0.728921731609963,-0.36612386798966445,45.0,nearest,-2.0
station-2,2024-04-13,19.800980321877482,476.8436029007359,7.699488071146203,0.0,20.49994936970718,283,2024-04-10,0.2093299997583287,0.4511460433904785,0.48297367926985896,0.07073535255955522,0.3952653839651033,-0.03407233045967232,0.728921731609963,-0.36612386798966445,45.0,nearest,-3.0
station-2,2024-04-14,20.006541090141145,465.3294881926148,7.773375257153637,0.7675484359705241,14.222430097424652,284,,,,,,,,,,,nearest,
station-2,2024-04-15,18.971776010962827,474.4543162287847,7.712500310464968,0.0,10.84764061823743,285,,,,,,,,,,,nearest,
station-2,2024-04-16,21.0782483080416,481.45586478654644,7.709940281302423,0.0,17.0930255399688,286,,,,,,,,,,,nearest,
station-2,2024-04-17,20.015874911418,464.1434574108015,7.634005233589402,0.0,22.181477204426006,287,2024-04-20,0.21015088693948708,0.41609026475060923,0.45673683300424694,0.07749465117289543,0.36975631532930997,-0.04656886611127395,0.6859926279233967,-0.32884996020356383,46.0,nearest,3.0
station-2,2024-04-18,20.57172814653052,481.3727947260848,7.7439258298045095,0.0,8.49221405189631,288,2024-04-20,0.21015088693948708,0.41609026475060923,0.45673683300424694,0.07749465117289543,0.36975631532930997,-0.04656886611127395,0.6859926279233967,-0.32884996020356383,46.0,nearest,2.0
station-2,2024-04-19,18.964814024602315,489.4787578056084,7.669448055392207,0.0,22.130252129186456,289,2024-04-20,0.21015088693948708,0.41609026475060923,0.45673683300424694,0.07749465117289543,0.36975631532930997,-0.04656886611127395,0.6859926279233967,-0.32884996020356383,46.0,nearest,1.0
station-2,2024-04-20,20.163691149585247,489.1325065136838,7.719440209789267,0.0,13.181480366643271,290,2024-04-20,0.21015088693948708,0.41609026475060923,0.45673683300424694,0.07749465117289543,0.36975631532930997,-0.04656886611127395,0.6859926279233967,-0.32884996020356383,46.0,nearest,0.0
station-2,2024-04-21,20.558840478890772,487.3789312640482,7.669917166464671,0.0,19.68584743334131,291,2024-04-20,0.21015088693948708,0.41609026475060923,0.45673683300424694,0.07749465117289543,0.36975631532930997,-0.04656886611127395,0.6859926279233967,-0.32884996020356383,46.0,nearest,-1.0
station-2,2024-04-22,18.746081993792977,476.42394804221937,7.674924984028939,0.6021554691212241,18.737363759730663,292,2024-04-20,0.21015088693948708,0.41609026475060923,0.45673683300424694,0.07749465117289543,0.36975631532930997,-0.04656886611127395,0.6859926279233967,-0.32884996020356383,46.0,nearest,-2.0
station-2,2024-04-23,19.52391442076798,485.8885022688003,7.682245958757369,3.818328218488764,22.806092181760423,293,2024-04-25,0.2942788647127439,0.39734051919574365,0.46390927629459816,0.12547401524338908,0.22373129096490524,-0.07729320511589141,0.5200056349695953,-0.1490149884183068,47.0,nearest,2.0
station-2,2024-04-24,18.881102998191274,483.89655587040494,7.678937774474253,0.0,16.60767080103716,294,2024-04-25,0.2942788647127439,0.39734051919574365,0.46390927629459816,0.12547401524338908,0.22373129096490524,-0.07729320511589141,0.5200056349695953,-0.1490149884183068,47.0,nearest,1.0
station-2,2024-04-25,18.714281864889447,472.99530219622795,7.659322126590367,11.260335659031123,30.95663811361017,295,2024-04-25,0.2942788647127439,0.39734051919574365,0.46390927629459816,0.12547401524338908,0.22373129096490524,-0.07729320511589141,0.5200056349695953,-0.1490149884183068,47.0,nearest,0.0
station-2,2024-04-26,18.07755485231669,481.5929925815629,7.727163457870001,0.0,14.12825574308926,296,2024-04-25,0.2942788647127439,0.39734051919574365,0.46390927629459816,0.12547401524338908,0.22373129096490524,-0.07729320511589141,0.5200056349695953,-0.1490149884183068,47.0,nearest,-1.0
station-2,2024-04-27,17.13376533858218,481.2481320010004,7.681595561271213,3.5943326200270893,23.327272888194347,297,2024-04-25,0.2942788647127439,0.39734051919574365,0.46390927629459816,0.12547401524338908,0.22373129096490524,-0.07729320511589141,0.5200056349695953,-0.1490149884183068,47.0,nearest,-2.0
station-2,2024-04-28,19.04123050285551,484.88166543348063,7.597671671628191,0.0,14.694086487817918,298,2024-04-30,0.22973196113529998,0.43760143582814787,0.44786366558343055,0.07916348497920317,0.3219201775318967,-0.011589649031817272,0.6936189675741742,-0.31149268961917936,48.0,nearest,2.0
station-2,2024-04-29,19.43542639130072,485.5179804923288,7.687979384976515,0.0,21.372871946003425,299,2024-04-30,0.22973196113529998,0.43760143582814787,0.44786366558343055,0.07916348497920317,0.3219201775318967,-0.011589649031817272,0.6936189675741742,-0.31149268961917936,48.0,nearest,1.0
station-2,2024-04-30,18.25878188043462,482.2572300021223,7.732835395015816,0.0,16.280833676721528,300,2024-04-30,0.22973196113529998,0.43760143582814787,0.44786366558343055,0.07916348497920317,0.3219201775318967,-0.011589649031817272,0.6936189675741742,-0.31149268961917936,48.0,nearest,0.0
station-2,2024-05-01,18.15981245887325,486.44258956837643,7.724843257204494,0.0,15.40944320797562,301,2024-04-30,0.22973196113529998,0.43760143582814787,0.44786366558343055,0.07916348497920317,0.3219201775318967,-0.011589649031817272,0.6936189675741742,-0.31149268961917936,48.0,nearest,-1.0
station-2,2024-05-02,18.28711574886377,483.08736240737164,7.6602124186695235,1.7193232955463187,25.1477965519034,302,2024-04-30,0.22973196113529998,0.43760143582814787,0.44786366558343055,0.07916348497920317,0.3219201775318967,-0.011589649031817272,0.6936189675741742,-0.31149268961917936,48.0,nearest,-2.0
station-2,2024-05-03,18.98992594379694,462.9202278586664,7.6198288493729915,13.066521559304832,48.70162660600713,303,2024-05-05,0.2524201430028589,0.4118014944723339,0.45187872746201996,0.09629309368093651,0.28320162479815786,-0.04640286065591096,0.6209639074058038,-0.23995206189805507,49.0,nearest,2.0
station-2,2024-05-04,15.789518859998035,471.43076611170045,7.621610930650205,1.3650531006198394,18.395524567321008,304,2024-05-05,0.2524201430028589,0.4118014944723339,0.45187872746201996,0.09629309368093651,0.28320162479815786,-0.04640286065591096,0.6209639074058038,-0.23995206189805507,49.0,nearest,1.0
station-2,2024-05-05,16.496520671302303,481.7075387322474,7.624363413549414,0.0,21.49753001220353,305,2024-05-05,0.2524201430028589,0.4118014944723339,0.45187872746201996,0.09629309368093651,0.28320162479815786,-0.04640286065591096,0.6209639074058038,-0.23995206189805507,49.0,nearest,0.0
station-2,2024-05-06,16.798987196381994,485.7732422940357,7.624648302156181,0.0,17.44811500705503,306,2024-05-05,0.2524201430028589,0.4118014944723339,0.45187872746201996,0.09629309368093651,0.28320162479815786,-0.04640286065591096,0.6209639074058038,-0.23995206189805507,49.0,nearest,-1.0
station-2,2024-05-07,17.33743883461891,487.03620873070395,7.612289230677942,4.491388425379049,27.85325546549825,307,2024-05-05,0.2524201430028589,0.4118014944723339,0.45187872746201996,0.09629309368093651,0.28320162479815786,-0.04640286065591096,0.6209639074058038,-0.23995206189805507,49.0,nearest,-2.0
station-2,2024-05-08,17.127729500975036,482.8953411959365,7.617554393958518,0.0,20.50348338926955,308,2024-05-10,0.23830503494564415,0.42405191386643015,0.4639105591757043,0.09146503725086465,0.3212767220191834,-0.044887758795390906,0.6451521640457029,-0.28043320033694796,50.0,nearest,2.0
station-2,2024-05-09,17.11286070728778,478.148348506435,7.6123880041820575,0.0,26.290601236435343,309,2024-05-10,0.23830503494564415,0.42405191386643015,0.4639105591757043,0.09146503725086465,0.3212767220191834,-0.044887758795390906,0.6451521640457029,-0.28043320033694796,50.0,nearest,1.0
station-2,2024-05-10,15.784595898172551,479.74014390325266,7.6277439899915995,1.7228284435516366,17.728500042471538,310,2024-05-10,0.23830503494564415,0.42405191386643015,0.4639105591757043,0.09146503725086465,0.3212767220191834,-0.044887758795390906,0.6451521640457029,-0.28043320033694796,50.0,nearest,0.0
station-2,2024-05-11,16.42360983230545,477.6675896113432,7.634853506409637,0.0,20.38766593966379,311,2024-05-10,0.23830503494564415,0.42405191386643015,0.4639105591757043,0.09146503725086465,0.3212767220191834,-0.044887758795390906,0.6451521640457029,-0.28043320033694796,50.0,nearest,-1.0
station-2,2024-05-12,17.937885289069477,474.72667094920797,7.643356871853997,0.0,20.71166485054097,312,2024-05-10,0.23830503494564415,0.42405191386643015,0.4639105591757043,0.09146503725086465,0.3212767220191834,-0.044887758795390906,0.6451521640457029,-0.28043320033694796,50.0,nearest,-2.0
station-2,2024-05-13,17.635779082543785,479.7766440161209,7.52789088753276,0.0,18.745928004055397,313,2024-05-15,0.2684337261904568,0.4273024966324349,0.44822273435490306,0.09667954691019173,0.25087195617776303,-0.0238945001035278,0.6309814502170942,-0.2283462686438566,51.0,nearest,2.0
station-2,2024-05-14,16.118480871530448,466.8309103964053,7.578384950602923,1.7433404164118425,26.22212183184044,314,2024-05-15,0.2684337261904568,0.4273024966324349,0.44822273435490306,0.09667954691019173,0.25087195617776303,-0.0238945001035278,0.6309814502170942,-0.2283462686438566,51.0,nearest,1.0
station-2,2024-05-15,15.515704781452238,474.061751922842,7.629378954360696,0.0,21.531843654215816,315,2024-05-15,0.2684337261904568,0.4273024966324349,0.44822273435490306,0.09667954691019173,0.25087195617776303,-0.0238945001035278,0.6309814502170942,-0.2283462686438566,51.0,nearest,0.0
station-2,2024-05-16,15.935712495490066,459.82535482598587,7.70080255430374,2.792176118515707,29.333758771492622,316,2024-05-15,0.2684337261904568,0.4273024966324349,0.44822273435490306,0.09667954691019173,0.25087195617776303,-0.0238945001035278,0.6309814502170942,-0.2283462686438566,51.0,nearest,-1.0
station-2,2024-05-17,13.936341139291008,466.3704896543435,7.544851964020769,0.0,26.072658634160806,317,2024-05-15,0.2684337261904568,0.4273024966324349,0.44822273435490306,0.09667954691019173,0.25087195617776303,-0.0238945001035278,0.6309814502170942,-0.2283462686438566,51.0,nearest,-2.0
station-2,2024-05-18,15.456075336072931,480.8807400883572,7.655993980290999,3.159499183469542,25.42725021121072,318,2024-05-20,0.2519861409582734,0.4145610685289133,0.44215225832137495,0.09647813870259622,0.273959944530441,-0.032205860382609953,0.6224237305577613,-0.2439060958573635,52.0,nearest,2.0
station-2,2024-05-19,15.150723444977869,462.8282998827565,7.64084512631005,0.0,23.876226725601395,319,2024-05-20,0.2519861409582734,0.4145610685289133,0.44215225832137495,0.09647813870259622,0.273959944530441,-0.032205860382609953,0.6224237305577613,-0.2439060958573635,52.0,nearest,1.0
station-2,2024-05-20,14.270400210657458,470.06166282994207,7.651626980483795,0.0,21.158397911136404,320,2024-05-20,0.2519861409582734,0.4145610685289133,0.44215225832137495,0.09647813870259622,0.273959944530441,-0.032205860382609953,0.6224237305577613,-0.2439060958573635,52.0,nearest,0.0
station-2,2024-05-21,15.565620506662226,462.05056562095706,7.5671582677511715,0.0,19.68162196880706,321,2024-05-20,0.2519861409582734,0.4145610685289133,0.44215225832137495,0.09647813870259622,0.273959944530441,-0.032205860382609953,0.6224237305577613,-0.2439060958573635,52.0,nearest,-1.0
station-2,2024-05-22,16.032593358505906,476.9460495195653,7.569838044135779,0.0,26.316015135817967,322,2024-05-20,0.2519861409582734,0.4145610685289133,0.44215225832137495,0.09647813870259622,0.273959944530441,-0.032205860382609953,0.6224237305577613,-0.2439060958573635,52.0,nearest,-2.0
station-2,2024-05-23,14.937489185407072,461.356923635486,7.548774557006976,3.4670980003532064,32.41407216557656,323,2024-05-25,0.2743027669886761,0.3899834438302437,0.43216240698280134,0.11102734919498693,0.22344999556977255,-0.0513035042515213,0.5567865972524242,-0.1741428242187333,53.0,nearest,2.0
station-2,2024-05-24,13.117292618687742,474.5564557393154,7.564282083313086,0.0,22.407396538316785,324,2024-05-25,0.2743027669886761,0.3899834438302437,0.43216240698280134,0.11102734919498693,0.22344999556977255,-0.0513035042515213,0.5567865972524242,-0.1741428242187333,53.0,nearest,1.0
station-2,2024-05-25,14.402958480201653,455.9887028277431,7.644377153631848,0.0,26.661462414598127,325,2024-05-25,0.2743027669886761,0.3899834438302437,0.43216240698280134,0.11102734919498693,0.22344999556977255,-0.0513035042515213,0.5567865972524242,-0.1741428242187333,53.0,nearest,0.0
station-2,2024-05-26,14.024021563183643,470.19296873351044,7.589342429857497,0.0,20.2150296959467,326,2024-05-25,0.2743027669886761,0.3899834438302437,0.43216240698280134,0.11102734919498693,0.22344999556977255,-0.0513035042515213,0.5567865972524242,-0.1741428242187333,53.0,nearest,-1.0
station-2,2024-05-27,15.883801169494095,456.81008644813636,7.610246189684457,1.0747290627357737,19.94608752045856,327,2024-05-25,0.2743027669886761,0.3899834438302437,0.43216240698280134,0.11102734919498693,0.22344999556977255,-0.0513035042515213,0.5567865972524242,-0.1741428242187333,53.0,nearest,-2.0
station-2,2024-05-28,14.067424051472178,459.6929217477069,7.580135065321798,0.0,19.983269044373664,328,2024-05-30,0.26372451122669,0.4255647007816177,0.4416655394697537,0.09058955112495212,0.25225905591860764,-0.018565817865702057,0.6489826411762275,-0.23479286594866527,54.0,nearest,2.0
station-2,2024-05-29,15.37838912264073,467.4609954807372,7.570658385902768,3.538072640008804,22.72642183691951,329,2024-05-30,0.26372451122669,0.4255647007816177,0.4416655394697537,0.09058955112495212,0.25225905591860764,-0.018565817865702057,0.6489826411762275,-0.23479286594866527,54.0,nearest,1.0
station-2,2024-05-30,14.461857699902632,450.8538182917434,7.630866438994731,0.0,19.055773259074837,330,2024-05-30,0.26372451122669,0.4255647007816177,0.4416655394697537,0.09058955112495212,0.25225905591860764,-0.018565817865702057,0.6489826411762275,-0.23479286594866527,54.0,nearest,0.0
station-2,2024-05-31,11.652880506879649,472.7251997001873,7.617497371098736,0.0,11.020432457565958,331,2024-05-30,0.26372451122669,0.4255647007816177,0.4416655394697537,0.09058955112495212,0.25225905591860764,-0.018565817865702057,0.6489826411762275,-0.23479286594866527,54.0,nearest,-1.0
station-2,2024-06-01,13.445449695224793,454.84518613153415,7.610361495372774,0.0,18.842359471820988,332,2024-05-30,0.26372451122669,0.4255647007816177,0.4416655394697537,0.09058955112495212,0.25225905591860764,-0.018565817865702057,0.6489826411762275,-0.23479286594866527,54.0,nearest,-2.0
station-2,2024-06-02,14.376243355923046,461.53090516423225,7.591842322406078,0.0,17.831605106454592,333,2024-06-04,0.23446514334368518,0.4540253777030853,0.40423049618133905,0.08766833594346085,0.2658000811840558,0.05801869003980952,0.6763176912159471,-0.3189008819258457,55.0,nearest,2.0
station-2,2024-06-03,14.93503591825101,462.4739436820074,7.591346097333419,0.0,8.295981739367104,334,2024-06-04,0.23446514334368518,0.4540253777030853,0.40423049618133905,0.08766833594346085,0.2658000811840558,0.05801869003980952,0.6763176912159471,-0.3189008819258457,55.0,nearest,1.0
station-2,2024-06-04,12.986697455896225,453.72188871787387,7.604676961468436,0.0,16.336610128294588,335,2024-06-04,0.23446514334368518,0.4540253777030853,0.40423049618133905,0.08766833594346085,0.2658000811840558,0.05801869003980952,0.6763176912159471,-0.3189008819258457,55.0,nearest,0.0
station-2,2024-06-05,12.953721401768544,448.59097636693633,7.552869308255537,5.550719368417277,24.01951338750446,336,2024-06-04,0.23446514334368518,0.4540253777030853,0.40423049618133905,0.08766833594346085,0.2658000811840558,0.05801869003980952,0.6763176912159471,-0.3189008819258457,55.0,nearest,-1.0
station-2,2024-06-06,12.354224282538361,460.57309723302563,7.58135757690349,0.0,10.601844870323355,337,2024-06-04,0.23446514334368518,0.4540253777030853,0.40423049618133905,0.08766833594346085,0.2658000811840558,0.05801869003980952,0.6763176912159471,-0.3189008819258457,55.0,nearest,-2.0
station-2,2024-06-07,12.532525560943206,466.30827426322753,7.586270363834391,0.0,14.146879390745712,338,2024-06-09,0.23323888828625375,0.44450117162436015,0.41268662794688843,0.08563739994398219,0.27781491077659226,0.037115021577984235,0.676924470179049,-0.3117157975964553,56.0,nearest,2.0
station-2,2024-06-08,11.346283121620917,463.1142624177849,7.645987422214163,3.1256543289364918,18.581708119729146,339,2024-06-09,0.23323888828625375,0.44450117162436015,0.41268662794688843,0.08563739994398219,0.27781491077659226,0.037115021577984235,0.676924470179049,-0.3117157975964553,56.0,nearest,1.0
station-2,2024-06-09,12.126653904778358,476.1701710375165,7.510529619672624,0.1389768742057948,15.455869937282111,340,2024-06-09,0.23323888828625375,0.44450117162436015,0.41268662794688843,0.08563739994398219,0.27781491077659226,0.037115021577984235,0.676924470179049,-0.3117157975964553,56.0,nearest,0.0
station-2,2024-06-10,11.486016282739294,452.8824473953136,7.5606142538532435,0.0,9.124258696898915,341,2024-06-09,0.23323888828625375,0.44450117162436015,0.41268662794688843,0.08563739994398219,0.27781491077659226,0.037115021577984235,0.676924470179049,-0.3117157975964553,56.0,nearest,-1.0
station-2,2024-06-11,11.477773039936105,457.43424135207647,7.518862148446314,0.0,9.975343944211076,342,2024-06-09,0.23323888828625375,0.44450117162436015,0.41268662794688843,0.08563739994398219,0.27781491077659226,0.037115021577984235,0.676924470179049,-0.3117157975964553,56.0,nearest,-2.0
station-2,2024-06-12,12.046642339346585,450.7734137232087,7.579039292005584,0.0,5.2514326939882325,343,2024-06-14,0.2099421435672098,0.4674331196011939,0.39112998158348183,0.060962421738786986,0.30144109239943107,0.08887306933226723,0.7692545944494922,-0.3801304683456808,57.0,nearest,2.0
station-2,2024-06-13,12.301417659907688,459.65677060167724,7.5468498653147895,0.0,20.505588943427384,344,2024-06-14,0.2099421435672098,0.4674331196011939,0.39112998158348183,0.060962421738786986,0.30144109239943107,0.08887306933226723,0.7692545944494922,-0.3801304683456808,57.0,nearest,1.0
station-2,2024-06-14,10.068016040919511,453.29750393344756,7.559062780190033,0.0,9.278757009199758,345,2024-06-14,0.2099421435672098,0.4674331196011939,0.39112998158348183,0.060962421738786986,0.30144109239943107,0.08887306933226723,0.7692545944494922,-0.3801304683456808,57.0,nearest,0.0
station-2,2024-06-15,10.657203693976287,438.09022057138674,7.539977271172269,0.0,8.367038144195098,346,2024-06-14,0.2099421435672098,0.4674331196011939,0.39112998158348183,0.060962421738786986,0.30144109239943107,0.08887306933226723,0.7692545944494922,-0.3801304683456808,57.0,nearest,-1.0
station-2,2024-06-16,12.691688910068276,453.79984882182026,7.496062590379411,3.8098685137425927,22.930941659529022,347,2024-06-14,0.2099421435672098,0.4674331196011939,0.39112998158348183,0.060962421738786986,0.30144109239943107,0.08887306933226723,0.7692545944494922,-0.3801304683456808,57.0,nearest,-2.0
station-2,2024-06-17,12.304893664279884,462.5314431597524,7.534264066692307,0.0,11.388242338199873,348,2024-06-14,0.2099421435672098,0.4674331196011939,0.39112998158348183,0.060962421738786986,0.30144109239943107,0.08887306933226723,0.7692545944494922,-0.3801304683456808,57.0,nearest,-3.0
station-2,2024-06-18,11.018329015046954,454.27436238866056,7.46474198352345,0.0,5.969141735824281,349,,,,,,,,,,,nearest,
station-2,2024-06-19,11.629155648900362,441.5408052814215,7.554567558954604,3.8397849563663153,20.648455071832057,350,,,,,,,,,,,nearest,
station-2,2024-06-20,9.975681571742117,450.62936885483435,7.559337535487386,0.0,4.936861509018372,351,,,,,,,,,,,nearest,
station-2,2024-06-21,12.126794388226205,444.3454432744425,7.589217466190318,3.003616250673052,16.647182689862763,352,,,,,,,,,,,nearest,
station-2,2024-06-22,9.953830760680571,454.8283190017686,7.562597159032805,0.0,6.874245481813563,353,,,,,,,,,,,nearest,
station-2,2024-06-23,9.282388176188958,449.6245093448287,7.5353919311112145,0.0,9.489353779204722,354,,,,,,,,,,,nearest,
station-2,2024-06-24,8.900511345494575,450.93181549624944,7.538633123608695,0.0,12.476312679893773,355,,,,,,,,,,,nearest,
station-2,2024-06-25,10.370972571905918,442.8351889526998,7.4771564189543325,0.0,4.668589389843104,356,,,,,,,,,,,nearest,
station-2,2024-06-26,10.012758339884604,447.0582330600916,7.448352900815115,0.0,10.6475678437186,357,,,,,,,,,,,nearest,
station-2,2024-06-27,8.77572887467408,451.01490774700585,7.424330846535318,0.0,7.857306193038536,358,,,,,,,,,,,nearest,
station-2,2024-06-28,10.11262011452118,444.919986839389,7.476478960351383,0.0,9.51668030708381,359,,,,,,,,,,,nearest,
station-3,2024-01-01,18.642328174296107,523.5464355417378,7.744663407611788,0.0,32.96969272803963,360,2024-01-01,0.2841365573094823,0.3697671053740117,0.4512648614151356,0.11188338110265297,0.22726132945935618,-0.09926258579168538,0.5354167212781439,-0.1309528497104883,58.0,nearest,0.0
station-3,2024-01-02,17.58774539548129,502.323851806943,7.627002945531738,0.0,27.282482213741833,361,2024-01-01,0.2841365573094823,0.3697671053740117,0.4512648614151356,0.11188338110265297,0.22726132945935618,-0.09926258579168538,0.5354167212781439,-0.1309528497104883,58.0,nearest,-1.0
station-3,2024-01-03,17.58759923556332,514.9272434244831,7.656779338144513,2.6346757856366474,28.29810698806775,362,2024-01-01,0.2841365573094823,0.3697671053740117,0.4512648614151356,0.11188338110265297,0.22726132945935618,-0.09926258579168538,0.5354167212781439,-0.1309528497104883,58.0,nearest,-2.0
station-3,2024-01-04,18.052916913212023,517.3444852183254,7.646393116434047,0.0,30.154191661469927,363,2024-01-06,0.2995467961453937,0.36894409307891,0.4902700360774545,0.1182825355826966,0.24147781124807416,-0.1412057121519529,0.5144660467035052,-0.10381188143647373,59.0,nearest,2.0
station-3,2024-01-05,17.28462647430947,516.9305335462184,7.744176050766748,0.0,29.830228787352926,364,2024-01-06,0.2995467961453937,0.36894409307891,0.4902700360774545,0.1182825355826966,0.24147781124807416,-0.1412057121519529,0.5144660467035052,-0.10381188143647373,59.0,nearest,1.0
station-3,2024-01-06,17.95549408051951,507.7160261285413,7.7445267929278305,0.0,33.92223642645127,365,2024-01-06,0.2995467961453937,0.36894409307891,0.4902700360774545,0.1182825355826966,0.24147781124807416,-0.1412057121519529,0.5144660467035052,-0.10381188143647373,59.0,nearest,0.0
station-3,2024-01-07,19.59569459847331,516.2263074447335,7.697877168248641,0.0,25.58016962709957,366,2024-01-06,0.2995467961453937,0.36894409307891,0.4902700360774545,0.1182825355826966,0.24147781124807416,-0.1412057121519529,0.5144660467035052,-0.10381188143647373,59.0,nearest,-1.0
station-3,2024-01-08,17.79475656924857,516.9042199638805,7.690574272752192,3.0664969493849004,33.75930026389857,367,2024-01-06,0.2995467961453937,0.36894409307891,0.4902700360774545,0.1182825355826966,0.24147781124807416,-0.1412057121519529,0.5144660467035052,-0.10381188143647373,59.0,nearest,-2.0
station-3,2024-01-09,18.71154900685494,507.2102513159607,7.677167354121881,0.0,29.642064151522025,368,2024-01-11,0.2854411539603656,0.38676849570848526,0.48230519015011303,0.12399153186902453,0.25641807049936105,-0.10992933740393097,0.5144822414662887,-0.15073770779404355,60.0,nearest,2.0
station-3,2024-01-10,19.31679075792828,533.3334064908187,7.695417781944776,0.0,31.97125300026632,369,2024-01-11,0.2854411539603656,0.38676849570848526,0.48230519015011303,0.12399153186902453,0.25641807049936105,-0.10992933740393097,0.5144822414662887,-0.15073770779404355,60.0,nearest,1.0
station-3,2024-01-11,18.982213970248605,498.64627171630525,7.7076454677627835,0.0,32.137145088471044,370,2024-01-11,0.2854411539603656,0.38676849570848526,0.48230519015011303,0.12399153186902453,0.25641807049936105,-0.10992933740393097,0.5144822414662887,-0.15073770779404355,60.0,nearest,0.0
station-3,2024-01-12,19.44062242988319,504.5505329160525,7.722816102475435,0.0,26.88867408190848,371,2024-01-11,0.2854411539603656,0.38676849570848526,0.48230519015011303,0.12399153186902453,0.25641807049936105,-0.10992933740393097,0.5144822414662887,-0.15073770779404355,60.0,nearest,-1.0
station-3,2024-01-13,19.0950505136297,516.2117915420472,7.686173133085602,0.0,27.570526894685013,372,2024-01-11,0.2854411539603656,0.38676849570848526,0.48230519015011303,0.12399153186902453,0.25641807049936105,-0.10992933740393097,0.5144822414662887,-0.15073770779404355,60.0,nearest,-2.0
station-3,2024-01-14,18.79501025700288,526.6442922369297,7.680276991467594,0.0,30.935411613080426,373,2024-01-16,0.272904442858702,0.3859531292015887,0.46443467030645746,0.11219594209605203,0.2597586700989967,-0.09228911932917047,0.5495487252288151,-0.17158289004613855,61.0,nearest,2.0
station-3,2024-01-15,21.344481741306318,514.468977883591,7.681388546345394,0.0,26.640455749721667,374,2024-01-16,0.272904442858702,0.3859531292015887,0.46443467030645746,0.11219594209605203,0.2597586700989967,-0.09228911932917047,0.5495487252288151,-0.17158289004613855,61.0,nearest,1.0
station-3,2024-01-16,20.231938035793146,490.12101718325016,7.7143433164164525,0.0,28.706032140093264,375,2024-01-16,0.272904442858702,0.3859531292015887,0.46443467030645746,0.11219594209605203,0.2597586700989967,-0.09228911932917047,0.5495487252288151,-0.17158289004613855,61.0,nearest,0.0
station-3,2024-01-17,17.997830612459907,507.52361474777314,7.746640144413509,2.647063331689521,28.890543635723272,376,2024-01-16,0.272904442858702,0.3859531292015887,0.46443467030645746,0.11219594209605203,0.2597586700989967,-0.09228911932917047,0.5495487252288151,-0.17158289004613855,61.0,nearest,-1.0
station-3,2024-01-18,20.63988020895952,514.6648101840979,7.728563225565791,0.0,29.675425313861197,377,2024-01-16,0.272904442858702,0.3859531292015887,0.46443467030645746,0.11219594209605203,0.2597586700989967,-0.09228911932917047,0.5495487252288151,-0.17158289004613855,61.0,nearest,-2.0
station-3,2024-01-19,18.93903326502455,508.4857733617955,7.7169132879214235,0.0,15.119563036928545,378,2024-01-21,0.2798947433987219,0.39435590006446863,0.4947664968720868,0.11562985998758835,0.27737511870123943,-0.11293225449452164,0.546536907321548,-0.16976054494784557,62.0,nearest,2.0
station-3,2024-01-20,20.30771067397667,508.6195635440615,7.750037342139532,0.0,28.1183558589971,379,2024-01-21,0.2798947433987219,0.39435590006446863,0.4947664968720868,0.11562985998758835,0.27737511870123943,-0.11293225449452164,0.546536907321548,-0.16976054494784557,62.0,nearest,1.0
station-3,2024-01-21,20.340176487518754,501.7872794239833,7.678036439847157,0.49714548491967103,32.057550117621,380,2024-01-21,0.2798947433987219,0.39435590006446863,0.4947664968720868,0.11562985998758835,0.27737511870123943,-0.11293225449452164,0.546536907321548,-0.16976054494784557,62.0,nearest,0.0
station-3,2024-01-22,20.56308475741849,515.1461003792125,7.696206779781769,0.0,19.92488228113289,381,2024-01-21,0.2798947433987219,0.39435590006446863,0.4947664968720868,0.11562985998758835,0.27737511870123943,-0.11293225449452164,0.546536907321548,-0.16976054494784557,62.0,nearest,-1.0
station-3,2024-01-23,19.762043799620336,509.51986846525205,7.723751060147425,5.929877175585933,38.06320855049629,382,2024-01-21,0.2798947433987219,0.39435590006446863,0.4947664968720868,0.11562985998758835,0.27737511870123943,-0.11293225449452164,0.546536907321548,-0.16976054494784557,62.0,nearest,-2.0
station-3,2024-01-24,20.25590469149756,499.8832315552418,7.704479171299747,0.0,20.551438986857956,383,2024-01-26,0.2345170606188343,0.4353937632866234,0.4786606931402735,0.10188343276329341,0.34233209215314975,-0.04733517740593222,0.6207416450489824,-0.2998558845440273,63.0,nearest,2.0
station-3,2024-01-25,21.44256667486582,508.6466979825043,7.71135317169358,4.183140662298427,32.74541467931209,384,2024-01-26,0.2345170606188343,0.4353937632866234,0.4786606931402735,0.10188343276329341,0.34233209215314975,-0.04733517740593222,0.6207416450489824,-0.2998558845440273,63.0,nearest,1.0
station-3,2024-01-26,19.2726207330246,507.1208589309101,7.689817143306132,0.0,19.441155321324146,385,2024-01-26,0.2345170606188343,0.4353937632866234,0.4786606931402735,0.10188343276329341,0.34233209215314975,-0.04733517740593222,0.6207416450489824,-0.2998558845440273,63.0,nearest,0.0
station-3,2024-01-27,21.4214334361183,510.92337905229584,7.760648573263067,0.4137542767026286,21.403691480832453,386,2024-01-26,0.2345170606188343,0.4353937632866234,0.4786606931402735,0.10188343276329341,0.34233209215314975,-0.04733517740593222,0.6207416450489824,-0.2998558845440273,63.0,nearest,-1.0
station-3,2024-01-28,21.396488736967928,502.06123351442375,7.707898000374338,0.0,26.365962396471435,387,2024-01-26,0.2345170606188343,0.4353937632866234,0.4786606931402735,0.10188343276329341,0.34233209215314975,-0.04733517740593222,0.6207416450489824,-0.2998558845440273,63.0,nearest,-2.0
station-3,2024-01-29,21.030747233714322,510.50880146340097,7.7826954993160395,0.0,20.263296837603853,388,2024-01-31,0.22985860633487415,0.352753289477157,0.5170640906830645,0.0890154089138149,0.3845183517582846,-0.18890264204152968,0.5970044539686471,-0.21093747660437837,64.0,nearest,2.0
station-3,2024-01-30,19.356856879888777,491.1837015693676,7.680529629559062,1.861964885679142,29.058815763246216,389,2024-01-31,0.22985860633487415,0.352753289477157,0.5170640906830645,0.0890154089138149,0.3845183517582846,-0.18890264204152968,0.5970044539686471,-0.21093747660437837,64.0,nearest,1.0
station-3,2024-01-31,20.71411325957074,503.3353811881446,7.646279676525012,0.0,26.865945803748247,390,2024-01-31,0.22985860633487415,0.352753289477157,0.5170640906830645,0.0890154089138149,0.3845183517582846,-0.18890264204152968,0.5970044539686471,-0.21093747660437837,64.0,nearest,0.0
station-3,2024-02-01,19.72276608319134,503.58227542765775,7.66293136111892,0.0,26.078255344573112,391,2024-01-31,0.22985860633487415,0.352753289477157,0.5170640906830645,0.0890154089138149,0.3845183517582846,-0.18890264204152968,0.5970044539686471,-0.21093747660437837,64.0,nearest,-1.0
station-3,2024-02-02,20.749405457555827,495.7850225195877,7.719792560537194,0.0,25.6867186734068,392,2024-01-31,0.22985860633487415,0.352753289477157,0.5170640906830645,0.0890154089138149,0.3845183517582846,-0.18890264204152968,0.5970044539686471,-0.21093747660437837,64.0,nearest,-2.0
station-3,2024-02-03,20.49043740903187,492.8875094050468,7.729951495156127,2.0646304315767505,23.738655292358008,393,2024-02-05,0.21449106883279875,0.3849344807725757,0.49037827235977927,0.09141500067519143,0.39140190586272794,-0.12046413263129908,0.6161851571776497,-0.28434458966920345,65.0,nearest,2.0
station-3,2024-02-04,20.629999990434406,501.38956257067423,7.747829500225598,0.0,15.309844987968194,394,2024-02-05,0.21449106883279875,0.3849344807725757,0.49037827235977927,0.09141500067519143,0.39140190586272794,-0.12046413263129908,0.6161851571776497,-0.28434458966920345,65.0,nearest,1.0
station-3,2024-02-05,21.64112990711938,483.8591352957796,7.766934638206711,0.0,19.89767622431113,395,2024-02-05,0.21449106883279875,0.3849344807725757,0.49037827235977927,0.09141500067519143,0.39140190586272794,-0.12046413263129908,0.6161851571776497,-0.28434458966920345,65.0,nearest,0.0
station-3,2024-02-06,22.0509388765132,496.27802395195425,7.713032569981218,0.0,19.511140711077996,396,2024-02-05,0.21449106883279875,0.3849344807725757,0.49037827235977927,0.09141500067519143,0.39140190586272794,-0.12046413263129908,0.6161851571776497,-0.28434458966920345,65.0,nearest,-1.0
station-3,2024-02-07,20.30932399720425,498.4931052574144,7.719459929490965,0.36243492438545316,24.150140331645012,397,2024-02-05,0.21449106883279875,0.3849344807725757,0.49037827235977927,0.09141500067519143,0.39140190586272794,-0.12046413263129908,0.6161851571776497,-0.28434458966920345,65.0,nearest,-2.0
station-3,2024-02-08,20.961512864864368,495.32132920971236,7.79214582765277,1.9999804638102436,22.53366605992283,398,2024-02-10,0.23327498551993217,0.3890871996633981,0.5107393767948087,0.08732460011327754,0.3729288106907546,-0.13519513683430406,0.6334070644169095,-0.2503561717805333,66.0,nearest,2.0
station-3,2024-02-09,20.046136435680985,505.3626892915727,7.669049965562331,3.497107272878935,31.40366560476366,399,2024-02-10,0.23327498551993217,0.3890871996633981,0.5107393767948087,0.08732460011327754,0.3729288106907546,-0.13519513683430406,0.6334070644169095,-0.2503561717805333,66.0,nearest,1.0
station-3,2024-02-10,20.576209576683382,486.5645801767613,7.74613289224272,0.0,21.28508602636501,400,2024-02-10,0.23327498551993217,0.3890871996633981,0.5107393767948087,0.08732460011327754,0.3729288106907546,-0.13519513683430406,0.6334070644169095,-0.2503561717805333,66.0,nearest,0.0
station-3,2024-02-11,22.07638692748175,484.37243065514394,7.7170929475622145,0.0,26.163795328223955,401,2024-02-10,0.23327498551993217,0.3890871996633981,0.5107393767948087,0.08732460011327754,0.3729288106907546,-0.13519513683430406,0.6334070644169095,-0.2503561717805333,66.0,nearest,-1.0
station-3,2024-02-12,20.685443335314904,486.6680391135952,7.670399232638923,1.5609403471787728,24.87029312879236,402,2024-02-10,0.23327498551993217,0.3890871996633981,0.5107393767948087,0.08732460011327754,0.3729288106907546,-0.13519513683430406,0.6334070644169095,-0.2503561717805333,66.0,nearest,-2.0
station-3,2024-02-13,20.81939690290155,498.0896399684591,7.795831851541497,0.0,16.368916261647723,403,2024-02-15,0.26358629282035945,0.35329571739145477,0.5331522913312976,0.11301046964497179,0.3383368194700447,-0.2028957955458561,0.5152950023537057,-0.1454239596649811,67.0,nearest,2.0
station-3,2024-02-14,20.237129352191435,479.01227616735343,7.720994107617971,0.0,26.4228851141433,404,2024-02-15,0.26358629282035945,0.35329571739145477,0.5331522913312976,0.11301046964497179,0.3383368194700447,-0.2028957955458561,0.5152950023537057,-0.1454239596649811,67.0,nearest,1.0
station-3,2024-02-15,21.574811768729866,467.9549707951766,7.726767866644948,0.0,30.39688054182378,405,2024-02-15,0.26358629282035945,0.35329571739145477,0.5331522913312976,0.11301046964497179,0.3383368194700447,-0.2028957955458561,0.5152950023537057,-0.1454239596649811,67.0,nearest,0.0
station-3,2024-02-16,21.891575701959567,475.85119942316163,7.738824484137219,2.7031157092229425,26.842698310651574,406,2024-02-15,0.26358629282035945,0.35329571739145477,0.5331522913312976,0.11301046964497179,0.3383368194700447,-0.2028957955458561,0.5152950023537057,-0.1454239596649811,67.0,nearest,-1.0
station-3,2024-02-17,21.114113852824108,495.8707853999546,7.696567063444699,2.2310169866130543,24.11877590251478,407,2024-02-15,0.26358629282035945,0.35329571739145477,0.5331522913312976,0.11301046964497179,0.3383368194700447,-0.2028957955458561,0.5152950023537057,-0.1454239596649811,67.0,nearest,-2.0
station-3,2024-02-18,21.68168184479076,482.8840603151875,7.729598221890545,0.0,25.594814335989824,408,2024-02-20,0.2558324950157968,0.3988248092753158,0.5277547317728278,0.09888725831891293,0.3470222937035994,-0.13914609246785978,0.6026326675304443,-0.21842315563003822,68.0,nearest,2.0
station-3,2024-02-19,20.88592892307756,484.4835498232424,7.764574252413576,0.0,21.639698098345608,409,2024-02-20,0.2558324950157968,0.3988248092753158,0.5277547317728278,0.09888725831891293,0.3470222937035994,-0.13914609246785978,0.6026326675304443,-0.21842315563003822,68.0,nearest,1.0
station-3,2024-02-20,22.395830770296296,492.7495597909637,7.695871827124458,0.0,25.46574092607016,410,2024-02-20,0.2558324950157968,0.3988248092753158,0.5277547317728278,0.09888725831891293,0.3470222937035994,-0.13914609246785978,0.6026326675304443,-0.21842315563003822,68.0,nearest,0.0
station-3,2024-02-21,20.490543575548568,486.8960185275895,7.717065767760091,0.0,23.28456245165419,411,2024-02-20,0.2558324950157968,0.3988248092753158,0.5277547317728278,0.09888725831891293,0.3470222937035994,-0.13914609246785978,0.6026326675304443,-0.21842315563003822,68.0,nearest,-1.0
station-3,2024-02-22,22.473029237109127,490.02032723408934,7.643620321571277,0.0,25.278621793665284,412,2024-02-20,0.2558324950157968,0.3988248092753158,0.5277547317728278,0.09888725831891293,0.3470222937035994,-0.13914609246785978,0.6026326675304443,-0.21842315563003822,68.0,nearest,-2.0
station-3,2024-02-23,21.077572882816867,478.9665653906072,7.683880109852781,2.812912148368012,31.650088659741627,413,2024-02-20,0.2558324950157968,0.3988248092753158,0.5277547317728278,0.09888725831891293,0.3470222937035994,-0.13914609246785978,0.6026326675304443,-0.21842315563003822,68.0,nearest,-3.0
station-3,2024-02-24,22.86179029591065,470.2806164002434,7.715634132120023,0.6002191598484281,28.602940837435963,414,,,,,,,,,,,nearest,
station-3,2024-02-25,19.726342851131992,480.62532492085313,7.733326407901056,0.0,25.63777872526652,415,,,,,,,,,,,nearest,
station-3,2024-02-26,21.286600892505277,472.6858635102153,7.779127007493765,0.0,25.78559587081985,416,,,,,,,,,,,nearest,
station-3,2024-02-27,20.19163666589504,496.5913961457454,7.70535119685361,0.0,31.789530933992946,417,2024-03-01,0.3123338887209659,0.3497243725259872,0.5132481279388316,0.1350963513488138,0.2433607263282451,-0.18948895280529374,0.4426956411058832,-0.05647612301460936,69.0,nearest,3.0
station-3,2024-02-28,22.446039228825327,474.99502669150627,7.6904304213216905,1.9423656236387017,27.740765393590273,418,2024-03-01,0.3123338887209659,0.3497243725259872,0.5132481279388316,0.1350963513488138,0.2433607263282451,-0.18948895280529374,0.4426956411058832,-0.05647612301460936,69.0,nearest,2.0
station-3,2024-02-29,20.07680008440021,487.0939903842293,7.680797974032493,5.0204912492848885,32.97557010243626,419,2024-03-01,0.3123338887209659,0.3497243725259872,0.5132481279388316,0.1350963513488138,0.2433607263282451,-0.18948895280529374,0.4426956411058832,-0.05647612301460936,69.0,nearest,1.0
station-3,2024-03-01,21.90696973146907,473.1550495525078,7.685994961777642,3.8314250957135676,38.67231588547907,420,2024-03-01,0.3123338887209659,0.3497243725259872,0.5132481279388316,0.1350963513488138,0.2433607263282451,-0.18948895280529374,0.4426956411058832,-0.05647612301460936,69.0,nearest,0.0
station-3,2024-03-02,20.892462944072424,475.0824515168169,7.71394573283382,0.0,24.937601344690254,421,2024-03-01,0.3123338887209659,0.3497243725259872,0.5132481279388316,0.1350963513488138,0.2433607263282451,-0.18948895280529374,0.4426956411058832,-0.05647612301460936,69.0,nearest,-1.0
station-3,2024-03-03,21.913203574755638,480.3854081902206,7.689727447307974,0.0,25.45780777408315,422,2024-03-01,0.3123338887209659,0.3497243725259872,0.5132481279388316,0.1350963513488138,0.2433607263282451,-0.18948895280529374,0.4426956411058832,-0.05647612301460936,69.0,nearest,-2.0
station-3,2024-03-04,20.679314337449267,482.62606880120416,7.79408549396234,8.920575585796573,51.63082306158927,423,2024-03-06,0.27571122374016915,0.3759235758140056,0.4590609996146852,0.11102721383978668,0.24953280764666066,-0.09956761627362505,0.5439900039232967,-0.1537860656649985,70.0,nearest,2.0
station-3,2024-03-05,20.386511239635027,488.94011494706336,7.776040631689704,2.539841607252285,38.66801308563597,424,2024-03-06,0.27571122374016915,0.3759235758140056,0.4590609996146852,0.11102721383978668,0.24953280764666066,-0.09956761627362505,0.5439900039232967,-0.1537860656649985,70.0,nearest,1.0
station-3,2024-03-06,19.78170705476342,470.70807211628784,7.688798185997401,0.0,32.03694400244295,425,2024-03-06,0.27571122374016915,0.3759235758140056,0.4590609996146852,0.11102721383978668,0.24953280764666066,-0.09956761627362505,0.5439900039232967,-0.1537860656649985,70.0,nearest,0.0
station-3,2024-03-07,19.950897479141894,490.26922046533736,7.706070918401554,0.0,26.5003858466547,426,2024-03-06,0.27571122374016915,0.3759235758140056,0.4590609996146852,0.11102721383978668,0.24953280764666066,-0.09956761627362505,0.5439900039232967,-0.1537860656649985,70.0,nearest,-1.0
station-3,2024-03-08,20.74540387791701,490.37236381645255,7.699603356479751,0.0,28.342464588850262,427,2024-03-06,0.27571122374016915,0.3759235758140056,0.4590609996146852,0.11102721383978668,0.24953280764666066,-0.09956761627362505,0.5439900039232967,-0.1537860656649985,70.0,nearest,-2.0
station-3,2024-03-09,20.74866370599773,491.41883816650375,7.7511444477903355,0.0,29.77714429272691,428,2024-03-11,0.2445931236813471,0.3918758957297971,0.48940008939674534,0.09562941360307346,0.333527560409952,-0.11066248861069868,0.6076784733526776,-0.23140603478974478,71.0,nearest,2.0
station-3,2024-03-10,19.196901334106908,494.28971295092504,7.673183447904871,1.8702245007271003,33.22956358579161,429,2024-03-11,0.2445931236813471,0.3918758957297971,0.48940008939674534,0.09562941360307346,0.333527560409952,-0.11066248861069868,0.6076784733526776,-0.23140603478974478,71.0,nearest,1.0
station-3,2024-03-11,19.588737532181348,484.9427156765249,7.67557693952881,0.0,22.967840068524506,430,2024-03-11,0.2445931236813471,0.3918758957297971,0.48940008939674534,0.09562941360307346,0.333527560409952,-0.11066248861069868,0.6076784733526776,-0.23140603478974478,71.0,nearest,0.0
station-3,2024-03-12,20.92735633967917,493.6281589307885,7.6774680124834225,0.0,32.26839165970831,431,2024-03-11,0.2445931236813471,0.3918758957297971,0.48940008939674534,0.09562941360307346,0.333527560409952,-0.11066248861069868,0.6076784733526776,-0.23140603478974478,71.0,nearest,-1.0
station-3,2024-03-13,18.58420652426337,482.8837908508024,7.723250497068143,0.0,32.34237393412936,432,2024-03-11,0.2445931236813471,0.3918758957297971,0.48940008939674534,0.09562941360307346,0.333527560409952,-0.11066248861069868,0.6076784733526776,-0.23140603478974478,71.0,nearest,-2.0
station-3,2024-03-14,19.8070388148841,484.97573319171596,7.709833162744745,0.0,22.544184917562628,433,2024-03-16,0.28356879395136736,0.3742674817010736,0.4789391948685299,0.10688283787106809,0.2562207921513444,-0.12268037281224596,0.5557195598826054,-0.13787425702504993,72.0,nearest,2.0
station-3,2024-03-15,17.96687478493587,479.70017991486174,7.711894329303764,0.0,26.316340133422095,434,2024-03-16,0.28356879395136736,0.3742674817010736,0.4789391948685299,0.10688283787106809,0.2562207921513444,-0.12268037281224596,0.5557195598826054,-0.13787425702504993,72.0,nearest,1.0
station-3,2024-03-16,19.5156156574446,487.15446401331235,7.733433763005214,0.590101345805997,31.388066512287253,435,2024-03-16,0.28356879395136736,0.3742674817010736,0.4789391948685299,0.10688283787106809,0.2562207921513444,-0.12268037281224596,0.5557195598826054,-0.13787425702504993,72.0,nearest,0.0
station-3,2024-03-17,20.583000733796506,486.9875410106529,7.6890309682220845,0.0,27.698581759392393,436,2024-03-16,0.28356879395136736,0.3742674817010736,0.4789391948685299,0.10688283787106809,0.2562207921513444,-0.12268037281224596,0.5557195598826054,-0.13787425702504993,72.0,nearest,-1.0
station-3,2024-03-18,21.25372456093801,486.5983484316925,7.701703617425833,0.0,30.459782722290115,437,2024-03-16,0.28356879395136736,0.3742674817010736,0.4789391948685299,0.10688283787106809,0.2562207921513444,-0.12268037281224596,0.5557195598826054,-0.13787425702504993,72.0,nearest,-2.0
station-3,2024-03-19,19.789728108127274,493.7999870284664,7.661545041955247,0.0,24.870497918845942,438,2024-03-21,0.289742093537637,0.3818413809812205,0.47286828061524655,0.1268647108160538,0.24013073160855988,-0.10650037518471676,0.5012259028869228,-0.13713751296451443,73.0,nearest,2.0
station-3,2024-03-20,18.320971558861032,496.73538644122107,7.6639617317138,0.0,29.607249620633425,439,2024-03-21,0.289742093537637,0.3818413809812205,0.47286828061524655,0.1268647108160538,0.24013073160855988,-0.10650037518471676,0.5012259028869228,-0.13713751296451443,73.0,nearest,1.0
station-3,2024-03-21,19.087651549758746,503.97333200310527,7.652886182349604,0.0,33.483808913963614,440,2024-03-21,0.289742093537637,0.3818413809812205,0.47286828061524655,0.1268647108160538,0.24013073160855988,-0.10650037518471676,0.5012259028869228,-0.13713751296451443,73.0,nearest,0.0
station-3,2024-03-22,19.32200343117566,494.4259798417402,7.627843781759167,0.0,23.147569122492364,441,2024-03-21,0.289742093537637,0.3818413809812205,0.47286828061524655,0.1268647108160538,0.24013073160855988,-0.10650037518471676,0.5012259028869228,-0.13713751296451443,73.0,nearest,-1.0
station-3,2024-03-23,19.544466114847616,491.2320231878801,7.647904742751122,0.0,28.766557447162917,442,2024-03-21,0.289742093537637,0.3818413809812205,0.47286828061524655,0.1268647108160538,0.24013073160855988,-0.10650037518471676,0.5012259028869228,-0.13713751296451443,73.0,nearest,-2.0
station-3,2024-03-24,20.02433117249877,496.74701427240865,7.688760594212046,0.0,27.96381634259558,443,2024-03-26,0.2589858093994034,0.4231496344947132,0.44711007914236117,0.10426026110332132,0.26642878509245205,-0.027532521926713266,0.6046328975868012,-0.24066162602275196,74.0,nearest,2.0
station-3,2024-03-25,20.858321121806906,501.52775191698834,7.683814989627423,0.0,26.492824483109686,444,2024-03-26,0.2589858093994034,0.4231496344947132,0.44711007914236117,0.10426026110332132,0.26642878509245205,-0.027532521926713266,0.6046328975868012,-0.24066162602275196,74.0,nearest,1.0
station-3,2024-03-26,18.327786195856927,503.83399094632705,7.6667701351282815,0.0,22.729778636200045,445,2024-03-26,0.2589858093994034,0.4231496344947132,0.44711007914236117,0.10426026110332132,0.26642878509245205,-0.027532521926713266,0.6046328975868012,-0.24066162602275196,74.0,nearest,0.0
station-3,2024-03-27,19.60909254847321,492.1208370125502,7.698386132745986,0.0,24.508354205597474,446,2024-03-26,0.2589858093994034,0.4231496344947132,0.44711007914236117,0.10426026110332132,0.26642878509245205,-0.027532521926713266,0.6046328975868012,-0.24066162602275196,74.0,nearest,-1.0
station-3,2024-03-28,18.513927831175724,503.564027201375,7.678332072408729,0.0,25.76332304151247,447,2024-03-26,0.2589858093994034,0.4231496344947132,0.44711007914236117,0.10426026110332132,0.26642878509245205,-0.027532521926713266,0.6046328975868012,-0.24066162602275196,74.0,nearest,-2.0
station-3,2024-03-29,21.21408701739871,506.4717834090843,7.702982309871937,0.0,29.199940675358892,448,2024-03-31,0.3265921240941199,0.37778190659360067,0.4815964183128554,0.13061589896065703,0.19179224411805726,-0.12080187352939696,0.4861665509422923,-0.07267414792322942,75.0,nearest,2.0
station-3,2024-03-30,18.53894084957238,509.6819459790348,7.685994366167823,0.5406272399828209,24.121772653371586,449,2024-03-31,0.3265921240941199,0.37778190659360067,0.4815964183128554,0.13061589896065703,0.19179224411805726,-0.12080187352939696,0.4861665509422923,-0.07267414792322942,75.0,nearest,1.0
station-3,2024-03-31,20.60707453282021,500.81934947439777,7.636463961543882,8.018620933001792,36.79965802224634,450,2024-03-31,0.3265921240941199,0.37778190659360067,0.4815964183128554,0.13061589896065703,0.19179224411805726,-0.12080187352939696,0.4861665509422923,-0.07267414792322942,75.0,nearest,0.0
station-3,2024-04-01,18.940340284867858,491.7842443828981,7.729646540151261,0.0,20.578465628198348,451,2024-03-31,0.3265921240941199,0.37778190659360067,0.4815964183128554,0.13061589896065703,0.19179224411805726,-0.12080187352939696,0.4861665509422923,-0.07267414792322942,75.0,nearest,-1.0
station-3,2024-04-02,19.42152737114996,500.16745412905686,7.675127133318879,0.0,20.782668271984992,452,2024-03-31,0.3265921240941199,0.37778190659360067,0.4815964183128554,0.13061589896065703,0.19179224411805726,-0.12080187352939696,0.4861665509422923,-0.07267414792322942,75.0,nearest,-2.0
station-3,2024-04-03,17.518260447035992,496.50794171449684,7.623624671614767,6.214906806011726,33.78534510349205,453,2024-04-05,0.20778224357536274,0.4306677988579687,0.4781253039711921,0.07335218711364444,0.39413921214721764,-0.052220362330527806,0.7089314346444361,-0.34910414358047476,76.0,nearest,2.0
station-3,2024-04-04,19.11176900668683,519.6259641052419,7.614719055168655,2.7504165561905127,24.223912276173323,454,2024-04-05,0.20778224357536274,0.4306677988579687,0.4781253039711921,0.07335218711364444,0.39413921214721764,-0.052220362330527806,0.7089314346444361,-0.34910414358047476,76.0,nearest,1.0
station-3,2024-04-05,18.18002528660785,500.2630989377958,7.685949734928776,0.0,13.064629584331174,455,2024-04-05,0.20778224357536274,0.4306677988579687,0.4781253039711921,0.07335218711364444,0.39413921214721764,-0.052220362330527806,0.7089314346444361,-0.34910414358047476,76.0,nearest,0.0
station-3,2024-04-06,18.600774673101238,507.4044312355898,7.723520810261894,2.354133650282359,25.857749398425405,456,2024-04-05,0.20778224357536274,0.4306677988579687,0.4781253039711921,0.07335218711364444,0.39413921214721764,-0.052220362330527806,0.7089314346444361,-0.34910414358047476,76.0,nearest,-1.0
station-3,2024-04-07,17.516665359937313,505.98351610690503,7.5790927764640825,0.0,26.9758492122125,457,2024-04-05,0.20778224357536274,0.4306677988579687,0.4781253039711921,0.07335218711364444,0.39413921214721764,-0.052220362330527806,0.7089314346444361,-0.34910414358047476,76.0,nearest,-2.0
station-3,2024-04-08,17.791445406577466,518.2815817701285,7.596341568713601,0.0,11.735918245466822,458,2024-04-10,0.2042216609181835,0.4095582672706351,0.4373447735441753,0.07544388219063414,0.36336550683383556,-0.032809548359640575,0.6888925862516869,-0.334544348751143,77.0,nearest,2.0
station-3,2024-04-09,17.338956458307266,500.50876335905946,7.647600152157205,0.0,21.252473225183266,459,2024-04-10,0.2042216609181835,0.4095582672706351,0.4373447735441753,0.07544388219063414,0.36336550683383556,-0.032809548359640575,0.6888925862516869,-0.334544348751143,77.0,nearest,1.0
station-3,2024-04-10,17.631254179786087,504.476265304883,7.694647511996565,0.0,14.634796928254799,460,2024-04-10,0.2042216609181835,0.4095582672706351,0.4373447735441753,0.07544388219063414,0.36336550683383556,-0.032809548359640575,0.6888925862516869,-0.334544348751143,77.0,nearest,0.0
station-3,2024-04-11,17.784298656594025,511.4482417715037,7.712573625231175,0.0,16.854276770750104,461,2024-04-10,0.2042216609181835,0.4095582672706351,0.4373447735441753,0.07544388219063414,0.36336550683383556,-0.032809548359640575,0.6888925862516869,-0.334544348751143,77.0,nearest,-1.0
station-3,2024-04-12,17.164840090713803,502.8365179425061,7.683832238487339,0.0,17.5112199126908,462,2024-04-10,0.2042216609181835,0.4095582672706351,0.4373447735441753,0.07544388219063414,0.36336550683383556,-0.032809548359640575,0.6888925862516869,-0.334544348751143,77.0,nearest,-2.0
station-3,2024-04-13,18.35374212106556,515.6778459049121,7.729557165515889,3.0143011148000607,22.63218816703094,463,2024-04-15,0.24572639145337696,0.40515274057492856,0.4584265578815505,0.09197142190762986,0.30206529224803913,-0.06168954883684806,0.6299861127315184,-0.24494002231218936,78.0,nearest,2.0
station-3,2024-04-14,18.7531843647145,515.798599233277,7.694079336937735,0.0,14.172463052826291,464,2024-04-15,0.24572639145337696,0.40515274057492856,0.4584265578815505,0.09197142190762986,0.30206529224803913,-0.06168954883684806,0.6299861127315184,-0.24494002231218936,78.0,nearest,1.0
station-3,2024-04-15,18.14171657032988,512.4308156422467,7.68915938099032,0.0,20.744415228865556,465,2024-04-15,0.24572639145337696,0.40515274057492856,0.4584265578815505,0.09197142190762986,0.30206529224803913,-0.06168954883684806,0.6299861127315184,-0.24494002231218936,78.0,nearest,0.0
station-3,2024-04-16,17.038726242743643,512.7937682826933,7.666776712729223,1.352387243367351,21.18255013892411,466,2024-04-15,0.24572639145337696,0.40515274057492856,0.4584265578815505,0.09197142190762986,0.30206529224803913,-0.06168954883684806,0.6299861127315184,-0.24494002231218936,78.0,nearest,-1.0
station-3,2024-04-17,18.00081237339516,515.8648861545812,7.589247938286492,0.0,20.910502610393984,467,2024-04-15,0.24572639145337696,0.40515274057492856,0.4584265578815505,0.09197142190762986,0.30206529224803913,-0.06168954883684806,0.6299861127315184,-0.24494002231218936,78.0,nearest,-2.0
station-3,2024-04-18,16.099266707488578,509.7001578378129,7.62488515470121,0.0,16.85597600585728,468,2024-04-20,0.23300224128673097,0.42512277478359645,0.45646739881088155,0.07806613936952517,0.32411167153424364,-0.03555464315066571,0.689714390862874,-0.29192103142351217,79.0,nearest,2.0
station-3,2024-04-19,16.499194310182776,512.509886321694,7.708147805985432,0.33661665860987716,23.093217799337737,469,2024-04-20,0.23300224128673097,0.42512277478359645,0.45646739881088155,0.07806613936952517,0.32411167153424364,-0.03555464315066571,0.689714390862874,-0.29192103142351217,79.0,nearest,1.0
station-3,2024-04-20,15.430018178256635,515.4076120647304,7.649970121119489,0.0,20.112188335536093,470,2024-04-20,0.23300224128673097,0.42512277478359645,0.45646739881088155,0.07806613936952517,0.32411167153424364,-0.03555464315066571,0.689714390862874,-0.29192103142351217,79.0,nearest,0.0
station-3,2024-04-21,17.669295616752766,519.5545720626105,7.634137108390877,2.38057588482389,29.73138602721435,471,2024-04-20,0.23300224128673097,0.42512277478359645,0.45646739881088155,0.07806613936952517,0.32411167153424364,-0.03555464315066571,0.689714390862874,-0.29192103142351217,79.0,nearest,-1.0
station-3,2024-04-22,15.810235527003494,509.30008527033385,7.676351852940119,1.2258487372133602,17.521306147408303,472,2024-04-20,0.23300224128673097,0.42512277478359645,0.45646739881088155,0.07806613936952517,0.32411167153424364,-0.03555464315066571,0.689714390862874,-0.29192103142351217,79.0,nearest,-2.0
station-3,2024-04-23,15.415937942327204,526.1483559806444,7.663580377235595,0.0,14.293422886117945,473,2024-04-25,0.2555660432157737,0.43136692423181167,0.42054679276409923,0.09087002711521142,0.2440136331818389,0.012700971062970185,0.6519969455212721,-0.2559214499039923,80.0,nearest,2.0
station-3,2024-04-24,16.596988481481155,516.9278390807225,7.653301872355739,0.0,17.86638468812302,474,2024-04-25,0.2555660432157737,0.43136692423181167,0.42054679276409923,0.09087002711521142,0.2440136331818389,0.012700971062970185,0.6519969455212721,-0.2559214499039923,80.0,nearest,1.0
station-3,2024-04-25,16.925494417361428,529.2729191714129,7.629095587212781,0.0,21.75422058735402,475,2024-04-25,0.2555660432157737,0.43136692423181167,0.42054679276409923,0.09087002711521142,0.2440136331818389,0.012700971062970185,0.6519969455212721,-0.2559214499039923,80.0,nearest,0.0
station-3,2024-04-26,15.304855744594205,511.0177038964232,7.620583931656633,0.0,15.881049757610128,476,2024-04-25,0.2555660432157737,0.43136692423181167,0.42054679276409923,0.09087002711521142,0.2440136331818389,0.012700971062970185,0.6519969455212721,-0.2559214499039923,80.0,nearest,-1.0
station-3,2024-04-27,15.104149343079111,522.2130436766654,7.696301578958346,7.212512150057098,35.929704757064776,477,2024-04-25,0.2555660432157737,0.43136692423181167,0.42054679276409923,0.09087002711521142,0.2440136331818389,0.012700971062970185,0.6519969455212721,-0.2559214499039923,80.0,nearest,-2.0
station-3,2024-04-28,15.044824456479285,526.7186968014855,7.620660736337318,0.0,17.35646820454753,478,2024-04-30,0.23404691503840303,0.40083480609247374,0.43953713539328754,0.07614873768033106,0.30506990214983376,-0.04605380949819532,0.680707065581273,-0.262707029518792,81.0,nearest,2.0
station-3,2024-04-29,15.101458940779196,516.2845269988464,7.618035279699017,0.0,22.457761368674866,479,2024-04-30,0.23404691503840303,0.40083480609247374,0.43953713539328754,0.07614873768033106,0.30506990214983376,-0.04605380949819532,0.680707065581273,-0.262707029518792,81.0,nearest,1.0
station-3,2024-04-30,16.62557191306624,518.107364552657,7.6202566611238005,0.0,18.66422118865255,480,2024-04-30,0.23404691503840303,0.40083480609247374,0.43953713539328754,0.07614873768033106,0.30506990214983376,-0.04605380949819532,0.680707065581273,-0.262707029518792,81.0,nearest,0.0
station-3,2024-05-01,14.606182216194295,510.64063749276954,7.656145064878698,0.0,24.62022772737034,481,2024-04-30,0.23404691503840303,0.40083480609247374,0.43953713539328754,0.07614873768033106,0.30506990214983376,-0.04605380949819532,0.680707065581273,-0.262707029518792,81.0,nearest,-1.0
station-3,2024-05-02,14.690375789783324,518.1449543930435,7.629596391859081,1.4670811574612292,21.24388150678914,482,2024-04-30,0.23404691503840303,0.40083480609247374,0.43953713539328754,0.07614873768033106,0.30506990214983376,-0.04605380949819532,0.680707065581273,-0.262707029518792,81.0,nearest,-2.0
station-3,2024-05-03,14.395152366609416,508.2073791682309,7.631260774957632,0.0,23.58196593591777,483,2024-05-05,0.25768133558613426,0.4016130108053097,0.43047053509544847,0.10223016757404216,0.25109166576583514,-0.03468104186449155,0.5941984650744982,-0.21831170858200963,82.0,nearest,2.0
station-3,2024-05-04,13.32977219860255,511.2538330513093,7.593240315807686,0.0,24.372118187469255,484,2024-05-05,0.25768133558613426,0.4016130108053097,0.43047053509544847,0.10223016757404216,0.25109166576583514,-0.03468104186449155,0.5941984650744982,-0.21831170858200963,82.0,nearest,1.0
station-3,2024-05-05,14.606042447051095,507.3045200186043,7.594836674190231,0.0,25.431790220902396,485,2024-05-05,0.25768133558613426,0.4016130108053097,0.43047053509544847,0.10223016757404216,0.25109166576583514,-0.03468104186449155,0.5941984650744982,-0.21831170858200963,82.0,nearest,0.0
station-3,2024-05-06,13.45359922216628,536.4356851261022,7.584547938896366,0.0,21.21180945152298,486,2024-05-05,0.25768133558613426,0.4016130108053097,0.43047053509544847,0.10223016757404216,0.25109166576583514,-0.03468104186449155,0.5941984650744982,-0.21831170858200963,82.0,nearest,-1.0
station-3,2024-05-07,14.316241387570582,515.3991866413069,7.614434804774145,0.0,23.26882710249795,487,2024-05-05,0.25768133558613426,0.4016130108053097,0.43047053509544847,0.10223016757404216,0.25109166576583514,-0.03468104186449155,0.5941984650744982,-0.21831170858200963,82.0,nearest,-2.0
station-3,2024-05-08,12.0048338695163,523.5899618352103,7.593905358264854,0.0,22.08660795025316,488,2024-05-10,0.2748223171465121,0.4173017773808466,0.4284660230509365,0.11073130117432985,0.2184647421586555,-0.013200130892179031,0.5805895286813587,-0.20585825773285873,83.0,nearest,2.0
station-3,2024-05-09,11.717984598532858,507.84805120161275,7.61695440124047,3.235290921272645,28.69048164697127,489,2024-05-10,0.2748223171465121,0.4173017773808466,0.4284660230509365,0.11073130117432985,0.2184647421586555,-0.013200130892179031,0.5805895286813587,-0.20585825773285873,83.0,nearest,1.0
station-3,2024-05-10,14.069757706189897,512.2944405536766,7.61696972280175,0.0,25.985877482395274,490,2024-05-10,0.2748223171465121,0.4173017773808466,0.4284660230509365,0.11073130117432985,0.2184647421586555,-0.013200130892179031,0.5805895286813587,-0.20585825773285873,83.0,nearest,0.0
station-3,2024-05-11,13.403955086484315,515.3876945864113,7.459676472465678,0.0,25.225597481853097,491,2024-05-10,0.2748223171465121,0.4173017773808466,0.4284660230509365,0.11073130117432985,0.2184647421586555,-0.013200130892179031,0.5805895286813587,-0.20585825773285873,83.0,nearest,-1.0
station-3,2024-05-12,12.901509942406001,501.45477017006215,7.6147176563668735,0.0,20.64086801193225,492,2024-05-10,0.2748223171465121,0.4173017773808466,0.4284660230509365,0.11073130117432985,0.2184647421586555,-0.013200130892179031,0.5805895286813587,-0.20585825773285873,83.0,nearest,-2.0
station-3,2024-05-13,13.35279027326892,520.0997924008948,7.568881183925979,0.0,26.993333591176075,493,2024-05-15,0.2980672725365704,0.4266727397718455,0.41101243197346876,0.1122584775544336,0.15928415200508575,0.01869474156472,0.5834033214428912,-0.1774504857619846,84.0,nearest,2.0
station-3,2024-05-14,13.591803268757035,524.7591031796017,7.558451428533473,1.392233399029716,23.641825678509992,494,2024-05-15,0.2980672725365704,0.4266727397718455,0.41101243197346876,0.1122584775544336,0.15928415200508575,0.01869474156472,0.5834033214428912,-0.1774504857619846,84.0,nearest,1.0
station-3,2024-05-15,12.374303338303221,502.29137337697165,7.631752571152163,2.0903519582673145,28.145417304272694,495,2024-05-15,0.2980672725365704,0.4266727397718455,0.41101243197346876,0.1122584775544336,0.15928415200508575,0.01869474156472,0.5834033214428912,-0.1774504857619846,84.0,nearest,0.0
station-3,2024-05-16,13.100534687304632,514.2251259140705,7.5405847348478545,0.0,23.265546873641544,496,2024-05-15,0.2980672725365704,0.4266727397718455,0.41101243197346876,0.1122584775544336,0.15928415200508575,0.01869474156472,0.5834033214428912,-0.1774504857619846,84.0,nearest,-1.0
station-3,2024-05-17,12.50184569542975,510.42316438337605,7.615653355895524,1.3319469532191919,27.594915262100542,497,2024-05-15,0.2980672725365704,0.4266727397718455,0.41101243197346876,0.1122584775544336,0.15928415200508575,0.01869474156472,0.5834033214428912,-0.1774504857619846,84.0,nearest,-2.0
station-3,2024-05-18,13.470683256520275,510.63244488032615,7.541978943293067,0.0,20.489998339749718,498,2024-05-20,0.3233202837229048,0.40721148749986963,0.4025857655350776,0.1354079598282253,0.10919523524180243,0.0057121976488013915,0.5009100374305204,-0.1148358046584977,85.0,nearest,2.0
station-3,2024-05-19,12.13390041820252,500.84037062066,7.629600119887621,5.776791938776058,39.626105631951994,499,2024-05-20,0.3233202837229048,0.40721148749986963,0.4025857655350776,0.1354079598282253,0.10919523524180243,0.0057121976488013915,0.5009100374305204,-0.1148358046584977,85.0,nearest,1.0
station-3,2024-05-20,11.889571164440097,507.0104600096043,7.565762741112042,5.68523406364009,31.90939372455626,500,2024-05-20,0.3233202837229048,0.40721148749986963,0.4025857655350776,0.1354079598282253,0.10919523524180243,0.0057121976488013915,0.5009100374305204,-0.1148358046584977,85.0,nearest,0.0
station-3,2024-05-21,12.57057028153992,504.4496986160378,7.559077912618841,1.4732753213609349,32.43889855774645,501,2024-05-20,0.3233202837229048,0.40721148749986963,0.4025857655350776,0.1354079598282253,0.10919523524180243,0.0057121976488013915,0.5009100374305204,-0.1148358046584977,85.0,nearest,-1.0
station-3,2024-05-22,11.801928046693012,505.9893368271532,7.57172126572745,0.0,20.05363701443941,502,2024-05-20,0.3233202837229048,0.40721148749986963,0.4025857655350776,0.1354079598282253,0.10919523524180243,0.0057121976488013915,0.5009100374305204,-0.1148358046584977,85.0,nearest,-2.0
station-3,2024-05-23,11.03973788123864,512.0450601518888,7.629005942277978,0.0,21.474293243695463,503,2024-05-25,0.2604704490555279,0.3962950009815731,0.4021371638086478,0.11450551166432088,0.2138018217761699,-0.0073170434317480606,0.5516625029556289,-0.20680830868671976,86.0,nearest,2.0
station-3,2024-05-24,11.402494258637141,491.6081304275577,7.510355916964723,1.629312762694338,23.818577887881805,504,2024-05-25,0.2604704490555279,0.3962950009815731,0.4021371638086478,0.11450551166432088,0.2138018217761699,-0.0073170434317480606,0.5516625029556289,-0.20680830868671976,86.0,nearest,1.0
station-3,2024-05-25,12.416845190106281,500.2873346754232,7.563248435035191,0.0,23.791206881895423,505,2024-05-25,0.2604704490555279,0.3962950009815731,0.4021371638086478,0.11450551166432088,0.2138018217761699,-0.0073170434317480606,0.5516625029556289,-0.20680830868671976,86.0,nearest,0.0
station-3,2024-05-26,10.570278892734125,497.7547675716618,7.487734698907467,0.0,26.18637594231604,506,2024-05-25,0.2604704490555279,0.3962950009815731,0.4021371638086478,0.11450551166432088,0.2138018217761699,-0.0073170434317480606,0.5516625029556289,-0.20680830868671976,86.0,nearest,-1.0
station-3,2024-05-27,11.630943655742488,494.29155513297025,7.519229191059573,0.0,28.6092418678804,507,2024-05-25,0.2604704490555279,0.3962950009815731,0.4021371638086478,0.11450551166432088,0.2138018217761699,-0.0073170434317480606,0.5516625029556289,-0.20680830868671976,86.0,nearest,-2.0
station-3,2024-05-28,11.288631139474447,483.66233634037155,7.518784020730087,0.0,20.275294950232414,508,2024-05-30,0.2912591999400039,0.4267064895260225,0.37294695662256655,0.10798559705040171,0.12298554579095868,0.06722853901572075,0.5960830550464218,-0.18865426520138454,87.0,nearest,2.0
station-3,2024-05-29,10.25182606591711,486.4466744781836,7.530122821250355,3.570368201961808,27.829731923382557,509,2024-05-30,0.2912591999400039,0.4267064895260225,0.37294695662256655,0.10798559705040171,0.12298554579095868,0.06722853901572075,0.5960830550464218,-0.18865426520138454,87.0,nearest,1.0
station-3,2024-05-30,11.539041897473593,498.41371624086446,7.4773685222895905,0.0,25.434584065269853,510,2024-05-30,0.2912591999400039,0.4267064895260225,0.37294695662256655,0.10798559705040171,0.12298554579095868,0.06722853901572075,0.5960830550464218,-0.18865426520138454,87.0,nearest,0.0
station-3,2024-05-31,9.038460611995722,496.99413968033684,7.502386130250944,0.0,22.961419888603753,511,2024-05-30,0.2912591999400039,0.4267064895260225,0.37294695662256655,0.10798559705040171,0.12298554579095868,0.06722853901572075,0.5960830550464218,-0.18865426520138454,87.0,nearest,-1.0
station-3,2024-06-01,9.146464388954206,499.9283659066952,7.520193944510305,2.2128804430208815,27.809311101544417,512,2024-05-30,0.2912591999400039,0.4267064895260225,0.37294695662256655,0.10798559705040171,0.12298554579095868,0.06722853901572075,0.5960830550464218,-0.18865426520138454,87.0,nearest,-2.0
station-3,2024-06-02,11.025374816152924,497.3341733290338,7.576080884478761,0.0,19.83972609239387,513,2024-06-04,0.25884897235022003,0.44127071185309624,0.37661006463947105,0.08755341114518429,0.18531657500239695,0.07905876879869765,0.6688751237413996,-0.26055793547707273,88.0,nearest,2.0
station-3,2024-06-03,8.797126479009195,504.1361895851581,7.520518068757505,0.0,21.527141336217316,514,2024-06-04,0.25884897235022003,0.44127071185309624,0.37661006463947105,0.08755341114518429,0.18531657500239695,0.07905876879869765,0.6688751237413996,-0.26055793547707273,88.0,nearest,1.0
station-3,2024-06-04,10.94793998901482,509.26516278826233,7.438842905069595,0.0,18.668407867165026,515,2024-06-04,0.25884897235022003,0.44127071185309624,0.37661006463947105,0.08755341114518429,0.18531657500239695,0.07905876879869765,0.6688751237413996,-0.26055793547707273,88.0,nearest,0.0
station-3,2024-06-05,8.969386934315217,499.6657406865779,7.501164989606818,0.0,20.60108389605624,516,2024-06-04,0.25884897235022003,0.44127071185309624,0.37661006463947105,0.08755341114518429,0.18531657500239695,0.07905876879869765,0.6688751237413996,-0.26055793547707273,88.0,nearest,-1.0
station-3,2024-06-06,9.58280164219106,503.32541655837304,7.454395746029847,0.0,17.696015653428148,517,2024-06-04,0.25884897235022003,0.44127071185309624,0.37661006463947105,0.08755341114518429,0.18531657500239695,0.07905876879869765,0.6688751237413996,-0.26055793547707273,88.0,nearest,-2.0
station-3,2024-06-07,10.09577305666461,490.3178816412534,7.579137497571254,1.263273100819018,13.857842291041624,518,2024-06-09,0.23518574203976314,0.47012620437513347,0.34203939581300224,0.07971800110648966,0.18511607822681936,0.15771021147960504,0.7100342231062976,-0.33310149293454283,89.0,nearest,2.0
station-3,2024-06-08,9.085573430795547,479.15989131608706,7.4507060820698925,0.0,14.680059061848462,519,2024-06-09,0.23518574203976314,0.47012620437513347,0.34203939581300224,0.07971800110648966,0.18511607822681936,0.15771021147960504,0.7100342231062976,-0.33310149293454283,89.0,nearest,1.0
station-3,2024-06-09,8.382101770050507,476.5165976624474,7.561131215476573,0.0,14.095620461894963,520,2024-06-09,0.23518574203976314,0.47012620437513347,0.34203939581300224,0.07971800110648966,0.18511607822681936,0.15771021147960504,0.7100342231062976,-0.33310149293454283,89.0,nearest,0.0
station-3,2024-06-10,9.11888830171905,488.42125866588543,7.430955723610932,0.0,21.87843068841782,521,2024-06-09,0.23518574203976314,0.47012620437513347,0.34203939581300224,0.07971800110648966,0.18511607822681936,0.15771021147960504,0.7100342231062976,-0.33310149293454283,89.0,nearest,-1.0
station-3,2024-06-11,9.40175179891543,487.2860005720306,7.398161384294885,0.0,16.42548097656503,522,2024-06-09,0.23518574203976314,0.47012620437513347,0.34203939581300224,0.07971800110648966,0.18511607822681936,0.15771021147960504,0.7100342231062976,-0.33310149293454283,89.0,nearest,-2.0
station-3,2024-06-12,9.241720234803983,499.0071982644896,7.477726002024843,0.0,17.25889951529351,523,2024-06-14,0.21291686237967486,0.44022855745313294,0.37471889267487085,0.06529085160499491,0.27534408671265614,0.08038513988597974,0.7416880521891599,-0.34802616411463977,90.0,nearest,2.0
station-3,2024-06-13,8.424578834349475,484.69818058991785,7.485705125148214,3.7334884554838474,23.313143663938583,524,2024-06-14,0.21291686237967486,0.44022855745313294,0.37471889267487085,0.06529085160499491,0.27534408671265614,0.08038513988597974,0.7416880521891599,-0.34802616411463977,90.0,nearest,1.0
station-3,2024-06-14,9.457586051716465,483.4666953557661,7.485027490538641,0.0,12.276955270916664,525,2024-06-14,0.21291686237967486,0.44022855745313294,0.37471889267487085,0.06529085160499491,0.27534408671265614,0.08038513988597974,0.7416880521891599,-0.34802616411463977,90.0,nearest,0.0
station-3,2024-06-15,9.625923228712399,480.6015017437961,7.534402242686859,0.0,14.511792289920251,526,2024-06-14,0.21291686237967486,0.44022855745313294,0.37471889267487085,0.06529085160499491,0.27534408671265614,0.08038513988597974,0.7416880521891599,-0.34802616411463977,90.0,nearest,-1.0
station-3,2024-06-16,8.265716958892071,491.3371808727955,7.406554036615831,2.986223656212422,20.0888596734959,527,2024-06-14,0.21291686237967486,0.44022855745313294,0.37471889267487085,0.06529085160499491,0.27534408671265614,0.08038513988597974,0.7416880521891599,-0.34802616411463977,90.0,nearest,-2.0
station-3,2024-06-17,8.933999207522978,491.9249080801374,7.4838372697244,0.0,14.49234378083436,528,2024-06-14,0.21291686237967486,0.44022855745313294,0.37471889267487085,0.06529085160499491,0.27534408671265614,0.08038513988597974,0.7416880521891599,-0.34802616411463977,90.0,nearest,-3.0
station-3,2024-06-18,6.9471420930215375,493.35035835713126,7.487867062672659,8.67165350731283,30.617644469325185,529,,,,,,,,,,,nearest,
station-3,2024-06-19,7.615829919199863,493.8565530272162,7.488067223579325,0.0,20.09559332164797,530,,,,,,,,,,,nearest,
station-3,2024-06-20,8.156085171332144,484.25388721526105,7.408764106806343,0.0,19.27532376515122,531,,,,,,,,,,,nearest,
station-3,2024-06-21,8.323210638140804,466.2141934885077,7.425019666761297,8.409102154453608,28.97983985310292,532,2024-06-24,0.21571573383501916,0.44042550080715037,0.35469311428800127,0.08711661908316529,0.24364520450602964,0.10782339249960778,0.6697263941644008,-0.3424716434635875,91.0,nearest,3.0
station-3,2024-06-22,6.788283313360697,477.31524558932904,7.509781095785436,0.3567670926216452,10.885678448991563,533,2024-06-24,0.21571573383501916,0.44042550080715037,0.35469311428800127,0.08711661908316529,0.24364520450602964,0.10782339249960778,0.6697263941644008,-0.3424716434635875,91.0,nearest,2.0
station-3,2024-06-23,7.745053455031248,485.7934582669754,7.513126324448308,0.0,12.174763475481809,534,2024-06-24,0.21571573383501916,0.44042550080715037,0.35469311428800127,0.08711661908316529,0.24364520450602964,0.10782339249960778,0.6697263941644008,-0.3424716434635875,91.0,nearest,1.0
station-3,2024-06-24,6.344754487531505,490.07364570588516,7.4641275438523955,0.0,12.111276125078748,535,2024-06-24,0.21571573383501916,0.44042550080715037,0.35469311428800127,0.08711661908316529,0.24364520450602964,0.10782339249960778,0.6697263941644008,-0.3424716434635875,91.0,nearest,0.0
station-3,2024-06-25,5.652903006461658,479.3407480045849,7.420095149951197,0.0,9.799301514055191,536,2024-06-24,0.21571573383501916,0.44042550080715037,0.35469311428800127,0.08711661908316529,0.24364520450602964,0.10782339249960778,0.6697263941644008,-0.3424716434635875,91.0,nearest,-1.0
station-3,2024-06-26,7.243221256096802,481.2227096856579,7.396506611136176,11.840484171569686,36.48654793569342,537,2024-06-24,0.21571573383501916,0.44042550080715037,0.35469311428800127,0.08711661908316529,0.24364520450602964,0.10782339249960778,0.6697263941644008,-0.3424716434635875,91.0,nearest,-2.0
station-3,2024-06-27,5.697090800208894,482.38437506747096,7.457264346439474,0.0,8.129811404983203,538,2024-06-24,0.21571573383501916,0.44042550080715037,0.35469311428800127,0.08711661908316529,0.24364520450602964,0.10782339249960778,0.6697263941644008,-0.3424716434635875,91.0,nearest,-3.0
station-3,2024-06-28,5.599103331565359,472.9759244127004,7.456405183714578,0.0,13.984355401517126,539,,,,,,,,,,,nearest,
station-4,2024-01-01,19.277354640217123,553.7093744871756,7.725743953491589,6.039967121363588,43.25748968969735,540,2024-01-01,0.3355921653760592,0.3555630199145609,0.48839199354589197,0.14102443895561514,0.18544024968847267,-0.15738868957800833,0.4320257733593571,-0.028894892150891246,92.0,nearest,0.0
station-4,2024-01-02,20.09350141277965,550.01971522929,7.718100168165246,0.0,34.892266549567054,541,2024-01-01,0.3355921653760592,0.3555630199145609,0.48839199354589197,0.14102443895561514,0.18544024968847267,-0.15738868957800833,0.4320257733593571,-0.028894892150891246,92.0,nearest,-1.0
station-4,2024-01-03,20.274553199371574,541.8998383835682,7.72065908328944,0.0,34.487948223130836,542,2024-01-01,0.3355921653760592,0.3555630199145609,0.48839199354589197,0.14102443895561514,0.18544024968847267,-0.15738868957800833,0.4320257733593571,-0.028894892150891246,92.0,nearest,-2.0
station-4,2024-01-04,21.114260153457682,550.4571524012409,7.6722118277806715,4.187718499860605,43.277160211524226,543,2024-01-06,0.3612272934919462,0.3441482224980698,0.48896469574448514,0.14984398091612045,0.1502453608946158,-0.17382574447639645,0.39333463208332053,0.024212735779332237,93.0,nearest,2.0
station-4,2024-01-05,20.58490143056017,551.0429046759658,7.775888980847624,5.725771164391979,40.68663195887078,544,2024-01-06,0.3612272934919462,0.3441482224980698,0.48896469574448514,0.14984398091612045,0.1502453608946158,-0.17382574447639645,0.39333463208332053,0.024212735779332237,93.0,nearest,1.0
station-4,2024-01-06,18.96962681165444,555.7532033622978,7.657997649926735,7.106384752128237,47.09067071553811,545,2024-01-06,0.3612272934919462,0.3441482224980698,0.48896469574448514,0.14984398091612045,0.1502453608946158,-0.17382574447639645,0.39333463208332053,0.024212735779332237,93.0,nearest,0.0
station-4,2024-01-07,20.915734873345635,550.7996645503155,7.64155602120067,0.0,33.747326738861666,546,2024-01-06,0.3612272934919462,0.3441482224980698,0.48896469574448514,0.14984398091612045,0.1502453608946158,-0.17382574447639645,0.39333463208332053,0.024212735779332237,93.0,nearest,-1.0
station-4,2024-01-08,20.271557652189657,559.6096451777972,7.713105963560953,0.0,33.01277165399907,547,2024-01-06,0.3612272934919462,0.3441482224980698,0.48896469574448514,0.14984398091612045,0.1502453608946158,-0.17382574447639645,0.39333463208332053,0.024212735779332237,93.0,nearest,-2.0
station-4,2024-01-09,20.618840266812512,548.7015217382065,7.751613977874251,0.0,28.124934064153383,548,2024-01-11,0.2964857245679319,0.3821651831030647,0.4920213716349644,0.1288794830740698,0.24798210188423958,-0.1256667560676688,0.4956234098355756,-0.12624967795175984,94.0,nearest,2.0
station-4,2024-01-10,20.447019364092107,546.6067685775399,7.69812228635083,0.0,33.850226249328145,549,2024-01-11,0.2964857245679319,0.3821651831030647,0.4920213716349644,0.1288794830740698,0.24798210188423958,-0.1256667560676688,0.4956234098355756,-0.12624967795175984,94.0,nearest,1.0
station-4,2024-01-11,18.74621562521183,549.4226011897681,7.778471004039565,0.11964458853854583,34.246932058950584,550,2024-01-11,0.2964857245679319,0.3821651831030647,0.4920213716349644,0.1288794830740698,0.24798210188423958,-0.1256667560676688,0.4956234098355756,-0.12624967795175984,94.0,nearest,0.0
station-4,2024-01-12,19.954713433010138,553.052914766096,7.675437837740826,0.0,30.733185003002678,551,2024-01-11,0.2964857245679319,0.3821651831030647,0.4920213716349644,0.1288794830740698,0.24798210188423958,-0.1256667560676688,0.4956234098355756,-0.12624967795175984,94.0,nearest,-1.0
station-4,2024-01-13,21.227159902754487,543.5755519391461,7.685526945264439,0.0,32.26976187263604,552,2024-01-11,0.2964857245679319,0.3821651831030647,0.4920213716349644,0.1288794830740698,0.24798210188423958,-0.1256667560676688,0.4956234098355756,-0.12624967795175984,94.0,nearest,-2.0
station-4,2024-01-14,20.691726647597346,549.248835157811,7.791936481856983,0.0,35.334393597249324,553,2024-01-16,0.27669522260618895,0.3712121170329261,0.4918236459632585,0.120445311772743,0.2799260137327772,-0.13975264305572652,0.5100437633360777,-0.14588026503818147,95.0,nearest,2.0
station-4,2024-01-15,21.89425016561494,557.9708750385236,7.734379957332151,0.0,29.34799287886557,554,2024-01-16,0.27669522260618895,0.3712121170329261,0.4918236459632585,0.120445311772743,0.2799260137327772,-0.13975264305572652,0.5100437633360777,-0.14588026503818147,95.0,nearest,1.0
station-4,2024-01-16,21.39949590184609,543.0792576984818,7.679964275186539,0.6542641495568284,31.92624483600751,555,2024-01-16,0.27669522260618895,0.3712121170329261,0.4918236459632585,0.120445311772743,0.2799260137327772,-0.13975264305572652,0.5100437633360777,-0.14588026503818147,95.0,nearest,0.0
station-4,2024-01-17,21.034810570951585,556.844255337829,7.733541158946634,0.0,22.535226836079897,556,2024-01-16,0.27669522260618895,0.3712121170329261,0.4918236459632585,0.120445311772743,0.2799260137327772,-0.13975264305572652,0.5100437633360777,-0.14588026503818147,95.0,nearest,-1.0
station-4,2024-01-18,20.485386521423997,540.8958536599944,7.653326711195217,7.260117534031009,46.72518073361843,557,2024-01-16,0.27669522260618895,0.3712121170329261,0.4918236459632585,0.120445311772743,0.2799260137327772,-0.13975264305572652,0.5100437633360777,-0.14588026503818147,95.0,nearest,-2.0
station-4,2024-01-19,20.153486294872902,534.6663299811519,7.681560923336768,9.362784414701208,50.75330637962818,558,2024-01-21,0.26917786532422666,0.41008981954261875,0.4992227543922096,0.09635763898180967,0.29938144655957805,-0.0980223274202509,0.6194762660570766,-0.20744686867595444,96.0,nearest,2.0
station-4,2024-01-20,20.863116346331168,544.6728903257462,7.743371788247298,0.0,25.331190397560633,559,2024-01-21,0.26917786532422666,0.41008981954261875,0.4992227543922096,0.09635763898180967,0.29938144655957805,-0.0980223274202509,0.6194762660570766,-0.20744686867595444,96.0,nearest,1.0
station-4,2024-01-21,21.14658848079459,544.5287145561855,7.731734370431973,0.0,26.647003439017173,560,2024-01-21,0.26917786532422666,0.41008981954261875,0.4992227543922096,0.09635763898180967,0.29938144655957805,-0.0980223274202509,0.6194762660570766,-0.20744686867595444,96.0,nearest,0.0
station-4,2024-01-22,20.995942739939565,555.084793384267,7.736460444993981,0.0,34.130837889889634,561,2024-01-21,0.26917786532422666,0.41008981954261875,0.4992227543922096,0.09635763898180967,0.29938144655957805,-0.0980223274202509,0.6194762660570766,-0.20744686867595444,96.0,nearest,-1.0
station-4,2024-01-23,21.12105514343469,532.9912995204858,7.692779268945762,0.0,27.486602146068638,562,2024-01-21,0.26917786532422666,0.41008981954261875,0.4992227543922096,0.09635763898180967,0.29938144655957805,-0.0980223274202509,0.6194762660570766,-0.20744686867595444,96.0,nearest,-2.0
station-4,2024-01-24,22.423468405935715,552.2763437676454,7.656721633068107,0.0,30.360198372402476,563,2024-01-26,0.24184579469074502,0.331749893794791,0.5176963859858024,0.1153202133639417,0.36318008178209243,-0.2189031803624359,0.48410680330726225,-0.15673775258217096,97.0,nearest,2.0
station-4,2024-01-25,20.80596928325418,539.815593498769,7.750869575885322,0.0,26.99461127318479,564,2024-01-26,0.24184579469074502,0.331749893794791,0.5176963859858024,0.1153202133639417,0.36318008178209243,-0.2189031803624359,0.48410680330726225,-0.15673775258217096,97.0,nearest,1.0
station-4,2024-01-26,20.525123893462908,536.1471692551402,7.73334173100253,0.0,31.837246338601382,565,2024-01-26,0.24184579469074502,0.331749893794791,0.5176963859858024,0.1153202133639417,0.36318008178209243,-0.2189031803624359,0.48410680330726225,-0.15673775258217096,97.0,nearest,0.0
station-4,2024-01-27,20.818855450707602,547.6191275011087,7.736957926691058,0.5774008103943794,26.50604853758567,566,2024-01-26,0.24184579469074502,0.331749893794791,0.5176963859858024,0.1153202133639417,0.36318008178209243,-0.2189031803624359,0.48410680330726225,-0.15673775258217096,97.0,nearest,-1.0
station-4,2024-01-28,19.341518007309237,540.3767493172943,7.716617321760109,0.0,24.358540920557278,567,2024-01-26,0.24184579469074502,0.331749893794791,0.5176963859858024,0.1153202133639417,0.36318008178209243,-0.2189031803624359,0.48410680330726225,-0.15673775258217096,97.0,nearest,-2.0
station-4,2024-01-29,21.569885995755765,540.7335360324536,7.715232610722549,0.0,24.210054022485057,568,2024-01-31,0.21778256733364068,0.3942912351721781,0.49892713673428096,0.09592569916534088,0.39227119125764837,-0.11714481570589624,0.6086397982355496,-0.28837807976082985,98.0,nearest,2.0
station-4,2024-01-30,22.35704153420342,542.8889037659678,7.725255715054984,2.7024247631305864,29.684665530232838,569,2024-01-31,0.21778256733364068,0.3942912351721781,0.49892713673428096,0.09592569916534088,0.39227119125764837,-0.11714481570589624,0.6086397982355496,-0.28837807976082985,98.0,nearest,1.0
station-4,2024-01-31,20.493392957100177,531.4487258854722,7.753670238940121,0.0,20.502590982335974,570,2024-01-31,0.21778256733364068,0.3942912351721781,0.49892713673428096,0.09592569916534088,0.39227119125764837,-0.11714481570589624,0.6086397982355496,-0.28837807976082985,98.0,nearest,0.0
station-4,2024-02-01,22.078074861366503,528.9034930967049,7.710850954930353,0.0,27.114417624794925,571,2024-01-31,0.21778256733364068,0.3942912351721781,0.49892713673428096,0.09592569916534088,0.39227119125764837,-0.11714481570589624,0.6086397982355496,-0.28837807976082985,98.0,nearest,-1.0
station-4,2024-02-02,22.2531920587466,532.5762610138985,7.669856934477862,0.0,34.26245632380435,572,2024-01-31,0.21778256733364068,0.3942912351721781,0.49892713673428096,0.09592569916534088,0.39227119125764837,-0.11714481570589624,0.6086397982355496,-0.28837807976082985,98.0,nearest,-2.0
station-4,2024-02-03,21.234201415811498,530.233141498397,7.719586308893933,0.4952917087707307,22.609371464585948,573,2024-02-05,0.24279608997151295,0.38511973830059293,0.5017476341241691,0.1052697057735988,0.3477989750933393,-0.13150545329535213,0.5706689569049028,-0.22666039287578582,99.0,nearest,2.0
station-4,2024-02-04,21.300911948398443,530.1315298493607,7.641790148072021,0.0,22.84502862669167,574,2024-02-05,0.24279608997151295,0.38511973830059293,0.5017476341241691,0.1052697057735988,0.3477989750933393,-0.13150545329535213,0.5706689569049028,-0.22666039287578582,99.0,nearest,1.0
station-4,2024-02-05,21.938091581549397,524.6409518475581,7.785387108358876,0.0,25.77395807307302,575,2024-02-05,0.24279608997151295,0.38511973830059293,0.5017476341241691,0.1052697057735988,0.3477989750933393,-0.13150545329535213,0.5706689569049028,-0.22666039287578582,99.0,nearest,0.0
station-4,2024-02-06,21.209458298001138,529.5053985306246,7.726199278198537,0.16474547670315368,27.31729990517867,576,2024-02-05,0.24279608997151295,0.38511973830059293,0.5017476341241691,0.1052697057735988,0.3477989750933393,-0.13150545329535213,0.5706689569049028,-0.22666039287578582,99.0,nearest,-1.0
station-4,2024-02-07,21.235635366100357,528.8414044534571,7.783627369372449,1.740472981122704,32.01632595074326,577,2024-02-05,0.24279608997151295,0.38511973830059293,0.5017476341241691,0.1052697057735988,0.3477989750933393,-0.13150545329535213,0.5706689569049028,-0.22666039287578582,99.0,nearest,-2.0
station-4,2024-02-08,21.214027984910963,530.2343639889285,7.707069109952383,0.0,29.18315396513533,578,2024-02-10,0.24415248055175687,0.40559959268636125,0.4844067678450635,0.07879816110012318,0.3297662994766468,-0.08854675500481399,0.6746551341984287,-0.24847494726721403,100.0,nearest,2.0
station-4,2024-02-09,20.783252102036844,531.3302649063229,7.6820408253058625,0.0,31.816931800957924,579,2024-02-10,0.24415248055175687,0.40559959268636125,0.4844067678450635,0.07879816110012318,0.3297662994766468,-0.08854675500481399,0.6746551341984287,-0.24847494726721403,100.0,nearest,1.0
station-4,2024-02-10,19.49230450714985,528.8772037638134,7.64726902176096,0.5223527373515927,23.459938807178986,580,2024-02-10,0.24415248055175687,0.40559959268636125,0.4844067678450635,0.07879816110012318,0.3297662994766468,-0.08854675500481399,0.6746551341984287,-0.24847494726721403,100.0,nearest,0.0
station-4,2024-02-11,22.55707655186917,514.5027587160865,7.680419222733946,0.0,31.889374957509716,581,2024-02-10,0.24415248055175687,0.40559959268636125,0.4844067678450635,0.07879816110012318,0.3297662994766468,-0.08854675500481399,0.6746551341984287,-0.24847494726721403,100.0,nearest,-1.0
station-4,2024-02-12,20.322578407782572,533.7964372466404,7.784185201530266,0.0,20.10039112420485,582,2024-02-10,0.24415248055175687,0.40559959268636125,0.4844067678450635,0.07879816110012318,0.3297662994766468,-0.08854675500481399,0.6746551341984287,-0.24847494726721403,100.0,nearest,-2.0
station-4,2024-02-13,22.16506539996619,526.4086317192995,7.796766606614886,1.439049888016228,24.80449975774175,583,2024-02-15,0.2667195840157147,0.39223362890693636,0.4786294125570695,0.09884936449131482,0.284309537566623,-0.09920708485331214,0.5974229781109466,-0.1904748962897229,101.0,nearest,2.0
station-4,2024-02-14,20.61221084817982,516.2333857076927,7.808631227736082,0.0,26.54113684345465,584,2024-02-15,0.2667195840157147,0.39223362890693636,0.4786294125570695,0.09884936449131482,0.284309537566623,-0.09920708485331214,0.5974229781109466,-0.1904748962897229,101.0,nearest,1.0
station-4,2024-02-15,20.528324113594223,525.6146006701665,7.744939434894934,0.0,29.126921246977567,585,2024-02-15,0.2667195840157147,0.39223362890693636,0.4786294125570695,0.09884936449131482,0.284309537566623,-0.09920708485331214,0.5974229781109466,-0.1904748962897229,101.0,nearest,0.0
station-4,2024-02-16,19.352327481537298,514.0569711501296,7.709421699448318,0.0,35.069416596586976,586,2024-02-15,0.2667195840157147,0.39223362890693636,0.4786294125570695,0.09884936449131482,0.284309537566623,-0.09920708485331214,0.5974229781109466,-0.1904748962897229,101.0,nearest,-1.0
station-4,2024-02-17,18.578170066773204,517.861339804446,7.704977757691535,0.0,28.44126812281662,587,2024-02-15,0.2667195840157147,0.39223362890693636,0.4786294125570695,0.09884936449131482,0.284309537566623,-0.09920708485331214,0.5974229781109466,-0.1904748962897229,101.0,nearest,-2.0
station-4,2024-02-18,20.863081257493274,519.3239718903096,7.658629439564784,0.0,30.415681863020012,588,2024-02-15,0.2667195840157147,0.39223362890693636,0.4786294125570695,0.09884936449131482,0.284309537566623,-0.09920708485331214,0.5974229781109466,-0.1904748962897229,101.0,nearest,-3.0
station-4,2024-02-19,20.538353414479175,520.8633881296882,7.639245807749208,0.0,29.136275338329142,589,,,,,,,,,,,nearest,
station-4,2024-02-20,17.987078701729114,515.823387344101,7.775674651568789,0.0,30.521113376234304,590,,,,,,,,,,,nearest,
station-4,2024-02-21,19.45046186845689,515.9603375906277,7.743747729531184,1.1992959555741134,39.60345489456986,591,,,,,,,,,,,nearest,
station-4,2024-02-22,20.791486777318852,513.134682896843,7.732195034857694,0.0,24.563918589722178,592,2024-02-25,0.2657006704170957,0.3666208277478254,0.48268820568372867,0.10962464957017244,0.28993955174368463,-0.13666094833225056,0.5396296456712636,-0.15960260345981125,102.0,nearest,3.0
station-4,2024-02-23,21.368389000769035,509.80594628491355,7.694668021929078,0.0,31.978559894488747,593,2024-02-25,0.2657006704170957,0.3666208277478254,0.48268820568372867,0.10962464957017244,0.28993955174368463,-0.13666094833225056,0.5396296456712636,-0.15960260345981125,102.0,nearest,2.0
station-4,2024-02-24,21.982148830660343,512.4652038921175,7.709136543649172,0.0,29.86371012288988,594,2024-02-25,0.2657006704170957,0.3666208277478254,0.48268820568372867,0.10962464957017244,0.28993955174368463,-0.13666094833225056,0.5396296456712636,-0.15960260345981125,102.0,nearest,1.0
station-4,2024-02-25,21.084283207516265,513.3587164539384,7.695401584497084,0.0,33.11684281870593,595,2024-02-25,0.2657006704170957,0.3666208277478254,0.48268820568372867,0.10962464957017244,0.28993955174368463,-0.13666094833225056,0.5396296456712636,-0.15960260345981125,102.0,nearest,0.0
station-4,2024-02-26,18.648590278333074,508.7726219117165,7.7186042714176635,0.0,29.604139458180153,596,2024-02-25,0.2657006704170957,0.3666208277478254,0.48268820568372867,0.10962464957017244,0.28993955174368463,-0.13666094833225056,0.5396296456712636,-0.15960260345981125,102.0,nearest,-1.0
station-4,2024-02-27,19.24799727983934,520.0419799725231,7.730469433964938,0.0,30.836366816222544,597,2024-02-25,0.2657006704170957,0.3666208277478254,0.48268820568372867,0.10962464957017244,0.28993955174368463,-0.13666094833225056,0.5396296456712636,-0.15960260345981125,102.0,nearest,-2.0
station-4,2024-02-28,19.857267585688856,511.2738432979636,7.72431806788806,0.0,28.351863350398972,598,2024-03-01,0.34441690727348845,0.36246110404443427,0.46905252351786536,0.15094540507278892,0.1532148738805461,-0.1281896242469519,0.4119848408921344,-0.025526606404553065,103.0,nearest,2.0
station-4,2024-02-29,20.418910337372097,509.85122491562174,7.699790346346268,0.0,30.632390208437585,599,2024-03-01,0.34441690727348845,0.36246110404443427,0.46905252351786536,0.15094540507278892,0.1532148738805461,-0.1281896242469519,0.4119848408921344,-0.025526606404553065,103.0,nearest,1.0
station-4,2024-03-01,19.841462014781072,518.7591637863458,7.709203935313558,6.950133452203996,42.70948922873892,600,2024-03-01,0.34441690727348845,0.36246110404443427,0.46905252351786536,0.15094540507278892,0.1532148738805461,-0.1281896242469519,0.4119848408921344,-0.025526606404553065,103.0,nearest,0.0
station-4,2024-03-02,21.184077726362794,520.3818570905937,7.668693321908537,0.0,31.914217397534497,601,2024-03-01,0.34441690727348845,0.36246110404443427,0.46905252351786536,0.15094540507278892,0.1532148738805461,-0.1281896242469519,0.4119848408921344,-0.025526606404553065,103.0,nearest,-1.0
station-4,2024-03-03,20.514246582446138,505.5474831002066,7.684005072807988,0.0,35.364698074267594,602,2024-03-01,0.34441690727348845,0.36246110404443427,0.46905252351786536,0.15094540507278892,0.1532148738805461,-0.1281896242469519,0.4119848408921344,-0.025526606404553065,103.0,nearest,-2.0
station-4,2024-03-04,17.846577369721366,515.3132202657102,7.64478930341718,0.0,38.820264776659016,603,2024-03-06,0.2753899371794125,0.37528059816510445,0.47851287559394473,0.09858884038840889,0.2694285456600309,-0.12091012709939462,0.5838987182235201,-0.153519570288828,104.0,nearest,2.0
station-4,2024-03-05,19.039007662125428,517.2921324678485,7.672307411836041,1.8801650848032962,36.07393917180491,604,2024-03-06,0.2753899371794125,0.37528059816510445,0.47851287559394473,0.09858884038840889,0.2694285456600309,-0.12091012709939462,0.5838987182235201,-0.153519570288828,104.0,nearest,1.0
station-4,2024-03-06,19.138642438503293,512.4862729461942,7.648381786925322,0.0,30.929295467558212,605,2024-03-06,0.2753899371794125,0.37528059816510445,0.47851287559394473,0.09858884038840889,0.2694285456600309,-0.12091012709939462,0.5838987182235201,-0.153519570288828,104.0,nearest,0.0
station-4,2024-03-07,18.589011534565653,522.4913121785315,7.620018434438938,0.0,38.269268263735135,606,2024-03-06,0.2753899371794125,0.37528059816510445,0.47851287559394473,0.09858884038840889,0.2694285456600309,-0.12091012709939462,0.5838987182235201,-0.153519570288828,104.0,nearest,-1.0
station-4,2024-03-08,18.0312889827624,518.1132152600156,7.725628471113278,1.319160322943433,28.543769537108258,607,2024-03-06,0.2753899371794125,0.37528059816510445,0.47851287559394473,0.09858884038840889,0.2694285456600309,-0.12091012709939462,0.5838987182235201,-0.153519570288828,104.0,nearest,-2.0
station-4,2024-03-09,18.31304950242334,521.9904756326672,7.678730904037321,0.0,35.9940162461441,608,2024-03-11,0.2801589012186551,0.36938566341842377,0.4765016868704524,0.11036448598606248,0.259485942234215,-0.12663154664205323,0.5399084872696428,-0.13736819158762797,105.0,nearest,2.0
station-4,2024-03-10,18.043045811117395,524.7621488062807,7.689370505808363,0.0,35.96917575065211,609,2024-03-11,0.2801589012186551,0.36938566341842377,0.4765016868704524,0.11036448598606248,0.259485942234215,-0.12663154664205323,0.5399084872696428,-0.13736819158762797,105.0,nearest,1.0
station-4,2024-03-11,19.22216114144135,519.4418467692658,7.662342916990179,0.0,31.01018414493364,610,2024-03-11,0.2801589012186551,0.36938566341842377,0.4765016868704524,0.11036448598606248,0.259485942234215,-0.12663154664205323,0.5399084872696428,-0.13736819158762797,105.0,nearest,0.0
station-4,2024-03-12,19.346627929223814,503.66054371512024,7.717382519433058,0.0,28.21490228504877,611,2024-03-11,0.2801589012186551,0.36938566341842377,0.4765016868704524,0.11036448598606248,0.259485942234215,-0.12663154664205323,0.5399084872696428,-0.13736819158762797,105.0,nearest,-1.0
station-4,2024-03-13,18.24740134046985,527.0964695155565,7.605989816274931,0.0,34.60023004068155,612,2024-03-11,0.2801589012186551,0.36938566341842377,0.4765016868704524,0.11036448598606248,0.259485942234215,-0.12663154664205323,0.5399084872696428,-0.13736819158762797,105.0,nearest,-2.0
station-4,2024-03-14,18.316068865286354,517.3444153819382,7.744922245851836,1.494764165739046,36.06902358304863,613,2024-03-16,0.29786297735660466,0.3843495834359088,0.47726071995715036,0.11431986464738604,0.23144401754489127,-0.10783429139061294,0.5415004264376321,-0.1267736934934682,106.0,nearest,2.0
station-4,2024-03-15,17.863155891163558,507.79133926144135,7.615192911688049,0.0,41.798177639784406,614,2024-03-16,0.29786297735660466,0.3843495834359088,0.47726071995715036,0.11431986464738604,0.23144401754489127,-0.10783429139061294,0.5415004264376321,-0.1267736934934682,106.0,nearest,1.0
station-4,2024-03-16,20.13381424502396,524.714145666614,7.711786559790789,0.0,33.422182305583625,615,2024-03-16,0.29786297735660466,0.3843495834359088,0.47726071995715036,0.11431986464738604,0.23144401754489127,-0.10783429139061294,0.5415004264376321,-0.1267736934934682,106.0,nearest,0.0
station-4,2024-03-17,17.46355905270567,524.5906013865067,7.77754275881429,0.0,30.257133494413708,616,2024-03-16,0.29786297735660466,0.3843495834359088,0.47726071995715036,0.11431986464738604,0.23144401754489127,-0.10783429139061294,0.5415004264376321,-0.1267736934934682,106.0,nearest,-1.0
station-4,2024-03-18,18.49965753054371,520.3153178083014,7.6118124738776265,0.0,32.49485694421999,617,2024-03-16,0.29786297735660466,0.3843495834359088,0.47726071995715036,0.11431986464738604,0.23144401754489127,-0.10783429139061294,0.5415004264376321,-0.1267736934934682,106.0,nearest,-2.0
station-4,2024-03-19,17.329755635233944,525.1352515924334,7.623860836091219,0.0,34.512641128841544,618,2024-03-21,0.305588276347603,0.3910037294031318,0.4625998205702999,0.13419614363935942,0.20439205560806406,-0.08387510943387778,0.48897114973787403,-0.1226190544111605,107.0,nearest,2.0
station-4,2024-03-20,16.60711965350626,518.001040780954,7.616800801327976,0.0,34.738030251052606,619,2024-03-21,0.305588276347603,0.3910037294031318,0.4625998205702999,0.13419614363935942,0.20439205560806406,-0.08387510943387778,0.48897114973787403,-0.1226190544111605,107.0,nearest,1.0
station-4,2024-03-21,17.39855867868541,531.0127071963952,7.651625729061691,0.0,33.984029736140485,620,2024-03-21,0.305588276347603,0.3910037294031318,0.4625998205702999,0.13419614363935942,0.20439205560806406,-0.08387510943387778,0.48897114973787403,-0.1226190544111605,107.0,nearest,0.0
station-4,2024-03-22,17.811132209239112,535.6182596357966,7.636305949050453,1.0142138334502036,31.657684663493423,621,2024-03-21,0.305588276347603,0.3910037294031318,0.4625998205702999,0.13419614363935942,0.20439205560806406,-0.08387510943387778,0.48897114973787403,-0.1226190544111605,107.0,nearest,-1.0
station-4,2024-03-23,16.675484887676607,531.1407451075361,7.614015005760673,0.0,35.585670448413964,622,2024-03-21,0.305588276347603,0.3910037294031318,0.4625998205702999,0.13419614363935942,0.20439205560806406,-0.08387510943387778,0.48897114973787403,-0.1226190544111605,107.0,nearest,-2.0
station-4,2024-03-24,16.315962499188622,542.2178607093906,7.657889318463513,0.0,30.848103146262094,623,2024-03-26,0.31603549665545516,0.3924524790865079,0.4509625234935676,0.11657318680008506,0.1759157433182122,-0.06937278116712732,0.541975210239962,-0.1078592510353124,108.0,nearest,2.0
station-4,2024-03-25,17.381463454417702,531.0407367843679,7.639698054730007,0.0,28.82084887345906,624,2024-03-26,0.31603549665545516,0.3924524790865079,0.4509625234935676,0.11657318680008506,0.1759157433182122,-0.06937278116712732,0.541975210239962,-0.1078592510353124,108.0,nearest,1.0
station-4,2024-03-26,16.23948694696228,517.126749718264,7.646284146112094,3.194445590175083,34.48693049749543,625,2024-03-26,0.31603549665545516,0.3924524790865079,0.4509625234935676,0.11657318680008506,0.1759157433182122,-0.06937278116712732,0.541975210239962,-0.1078592510353124,108.0,nearest,0.0
station-4,2024-03-27,16.300447441674564,528.936148920882,7.674699558002305,0.0,26.248900913910937,626,2024-03-26,0.31603549665545516,0.3924524790865079,0.4509625234935676,0.11657318680008506,0.1759157433182122,-0.06937278116712732,0.541975210239962,-0.1078592510353124,108.0,nearest,-1.0
station-4,2024-03-28,16.675377306394925,518.4809077592258,7.599716612433544,0.0,24.239300119590588,627,2024-03-26,0.31603549665545516,0.3924524790865079,0.4509625234935676,0.11657318680008506,0.1759157433182122,-0.06937278116712732,0.541975210239962,-0.1078592510353124,108.0,nearest,-2.0
station-4,2024-03-29,15.837292793138007,526.4918085392673,7.6756514294385285,0.0,27.537416849661174,628,2024-03-31,0.2773609667574815,0.42372832821024925,0.4561369802542135,0.10542398876136047,0.2437307619265655,-0.036833651392079204,0.601536323738646,-0.20877135409620629,109.0,nearest,2.0
station-4,2024-03-30,16.5705691246485,546.1619165548683,7.6251807600179315,1.08436400091045,28.448052291984297,629,2024-03-31,0.2773609667574815,0.42372832821024925,0.4561369802542135,0.10542398876136047,0.2437307619265655,-0.036833651392079204,0.601536323738646,-0.20877135409620629,109.0,nearest,1.0
station-4,2024-03-31,15.317342625781237,540.588078418171,7.671456024851043,0.0,25.661104414086743,630,2024-03-31,0.2773609667574815,0.42372832821024925,0.4561369802542135,0.10542398876136047,0.2437307619265655,-0.036833651392079204,0.601536323738646,-0.20877135409620629,109.0,nearest,0.0
station-4,2024-04-01,13.926139119290719,538.2114673649227,7.6856391511836675,2.7552380659598703,32.99471912390229,631,2024-03-31,0.2773609667574815,0.42372832821024925,0.4561369802542135,0.10542398876136047,0.2437307619265655,-0.036833651392079204,0.601536323738646,-0.20877135409620629,109.0,nearest,-1.0
station-4,2024-04-02,15.916706639723072,533.8490340728631,7.6550215367440915,0.0,32.730483997310195,632,2024-03-31,0.2773609667574815,0.42372832821024925,0.4561369802542135,0.10542398876136047,0.2437307619265655,-0.036833651392079204,0.601536323738646,-0.20877135409620629,109.0,nearest,-2.0
station-4,2024-04-03,15.685791491056268,544.6818533782558,7.618582391676899,0.0,21.192085906484735,633,2024-04-05,0.2737822519347639,0.42757387313457684,0.4472246031108198,0.10624192977446482,0.24055575888399905,-0.022463150668235243,0.6019528489209314,-0.21927750496883172,110.0,nearest,2.0
station-4,2024-04-04,14.435678149166025,539.629442522423,7.745256165367857,6.274124888106845,37.12408738763245,634,2024-04-05,0.2737822519347639,0.42757387313457684,0.4472246031108198,0.10624192977446482,0.24055575888399905,-0.022463150668235243,0.6019528489209314,-0.21927750496883172,110.0,nearest,1.0
station-4,2024-04-05,16.116205270206336,526.2566992955371,7.614466766326505,2.6669942546770096,25.085981113821564,635,2024-04-05,0.2737822519347639,0.42757387313457684,0.4472246031108198,0.10624192977446482,0.24055575888399905,-0.022463150668235243,0.6019528489209314,-0.21927750496883172,110.0,nearest,0.0
station-4,2024-04-06,16.21857595771271,541.2233956082065,7.645392701118859,0.0,26.279069234232907,636,2024-04-05,0.2737822519347639,0.42757387313457684,0.4472246031108198,0.10624192977446482,0.24055575888399905,-0.022463150668235243,0.6019528489209314,-0.21927750496883172,110.0,nearest,-1.0
station-4,2024-04-07,15.460200115086316,545.5394724715061,7.622937912026271,0.0,27.523528744153133,637,2024-04-05,0.2737822519347639,0.42757387313457684,0.4472246031108198,0.10624192977446482,0.24055575888399905,-0.022463150668235243,0.6019528489209314,-0.21927750496883172,110.0,nearest,-2.0
station-4,2024-04-08,14.302707382410212,543.4631014361839,7.612648618299114,0.0,19.381241764842535,638,2024-04-10,0.20107931845303015,0.37631707874799847,0.45223531282168256,0.0878840071827813,0.3844334449981784,-0.09162756012309377,0.621353719987263,-0.3034964560645792,111.0,nearest,2.0
station-4,2024-04-09,14.533101071293224,543.9775894717808,7.632919907696471,0.0,20.545821546378946,639,2024-04-10,0.20107931845303015,0.37631707874799847,0.45223531282168256,0.0878840071827813,0.3844334449981784,-0.09162756012309377,0.621353719987263,-0.3034964560645792,111.0,nearest,1.0
station-4,2024-04-10,14.935570974854429,552.5186621097073,7.649201873708479,0.0,18.024513482507988,640,2024-04-10,0.20107931845303015,0.37631707874799847,0.45223531282168256,0.0878840071827813,0.3844334449981784,-0.09162756012309377,0.621353719987263,-0.3034964560645792,111.0,nearest,0.0
station-4,2024-04-11,13.48817544973158,532.7706234049589,7.604427710471991,0.0,26.941635469516253,641,2024-04-10,0.20107931845303015,0.37631707874799847,0.45223531282168256,0.0878840071827813,0.3844334449981784,-0.09162756012309377,0.621353719987263,-0.3034964560645792,111.0,nearest,-1.0
station-4,2024-04-12,13.210369614297875,545.795355821787,7.598463694689225,4.563335833584807,24.760863536988154,642,2024-04-10,0.20107931845303015,0.37631707874799847,0.45223531282168256,0.0878840071827813,0.3844334449981784,-0.09162756012309377,0.621353719987263,-0.3034964560645792,111.0,nearest,-2.0
station-4,2024-04-13,14.875629640446556,535.5247293483893,7.576523999226398,0.0,21.073825677060725,643,2024-04-10,0.20107931845303015,0.37631707874799847,0.45223531282168256,0.0878840071827813,0.3844334449981784,-0.09162756012309377,0.621353719987263,-0.3034964560645792,111.0,nearest,-3.0
station-4,2024-04-14,14.602685513699589,546.9032794485714,7.723042148121897,0.0,19.135069424230373,644,,,,,,,,,,,nearest,
station-4,2024-04-15,14.440010788936021,552.2892378691669,7.588087489488964,1.5738504604383796,21.035984439345302,645,,,,,,,,,,,nearest,
station-4,2024-04-16,14.671600765385762,546.5645998239354,7.528312959752792,0.0,25.753836918240882,646,,,,,,,,,,,nearest,
station-4,2024-04-17,12.990346791916885,544.0479646176411,7.600715652138787,0.0,23.482872547322046,647,2024-04-20,0.2812014647042498,0.44686249872945144,0.4031303232368722,0.10328004505349699,0.1781721391307236,0.05145005270916499,0.6245335096489292,-0.22753637365034488,112.0,nearest,3.0
station-4,2024-04-18,14.348279586623137,539.155204261544,7.56554550665822,0.0,25.793842416032888,648,2024-04-20,0.2812014647042498,0.44686249872945144,0.4031303232368722,0.10328004505349699,0.1781721391307236,0.05145005270916499,0.6245335096489292,-0.22753637365034488,112.0,nearest,2.0
station-4,2024-04-19,13.27639429774934,541.3179860387846,7.595422830430711,0.0,25.853408590638736,649,2024-04-20,0.2812014647042498,0.44686249872945144,0.4031303232368722,0.10328004505349699,0.1781721391307236,0.05145005270916499,0.6245335096489292,-0.22753637365034488,112.0,nearest,1.0
station-4,2024-04-20,14.008032989972458,544.2004490900847,7.51653042773982,1.6610146865994557,25.739850165282434,650,2024-04-20,0.2812014647042498,0.44686249872945144,0.4031303232368722,0.10328004505349699,0.1781721391307236,0.05145005270916499,0.6245335096489292,-0.22753637365034488,112.0,nearest,0.0
station-4,2024-04-21,12.081804281345597,555.9571730245777,7.568900619216004,0.0,23.062739261556768,651,2024-04-20,0.2812014647042498,0.44686249872945144,0.4031303232368722,0.10328004505349699,0.1781721391307236,0.05145005270916499,0.6245335096489292,-0.22753637365034488,112.0,nearest,-1.0
station-4,2024-04-22,13.225918713155448,536.8756664692397,7.560909474996709,0.0,26.954300540556282,652,2024-04-20,0.2812014647042498,0.44686249872945144,0.4031303232368722,0.10328004505349699,0.1781721391307236,0.05145005270916499,0.6245335096489292,-0.22753637365034488,112.0,nearest,-2.0
station-4,2024-04-23,13.165824488273095,550.1914109850126,7.599333116889001,4.813137789596896,32.86572054295302,653,2024-04-25,0.2751415490440662,0.43359674343630417,0.40684537737452664,0.10127403851173376,0.19311781975366302,0.031830111080069015,0.6213139998304397,-0.22357363228913818,113.0,nearest,2.0
station-4,2024-04-24,12.323344573220345,551.4785897401291,7.543266895983889,6.954348079215858,40.79128769123702,654,2024-04-25,0.2751415490440662,0.43359674343630417,0.40684537737452664,0.10127403851173376,0.19311781975366302,0.031830111080069015,0.6213139998304397,-0.22357363228913818,113.0,nearest,1.0
station-4,2024-04-25,13.233947667406715,539.7462403855092,7.545887218410214,0.0,25.02689671994849,655,2024-04-25,0.2751415490440662,0.43359674343630417,0.40684537737452664,0.10127403851173376,0.19311781975366302,0.031830111080069015,0.6213139998304397,-0.22357363228913818,113.0,nearest,0.0
station-4,2024-04-26,13.443313750539259,553.2375911691107,7.622634868177061,0.0,18.9974483250257,656,2024-04-25,0.2751415490440662,0.43359674343630417,0.40684537737452664,0.10127403851173376,0.19311781975366302,0.031830111080069015,0.6213139998304397,-0.22357363228913818,113.0,nearest,-1.0
station-4,2024-04-27,12.36436480924457,551.1917376946978,7.577568717761432,1.0833633201496322,21.69782944683299,657,2024-04-25,0.2751415490440662,0.43359674343630417,0.40684537737452664,0.10127403851173376,0.19311781975366302,0.031830111080069015,0.6213139998304397,-0.22357363228913818,113.0,nearest,-2.0
station-4,2024-04-28,11.71472586687543,541.6393654215389,7.5157338563886915,0.0,27.278228921158828,658,2024-04-30,0.26329548161221933,0.4542554054632344,0.4030193815558475,0.08173055243540275,0.20969650786310784,0.059766162125851084,0.6950272624460838,-0.26612736084727995,114.0,nearest,2.0
station-4,2024-04-29,12.70106604119247,552.2833296396585,7.5470211901253785,0.0,19.80211819541253,659,2024-04-30,0.26329548161221933,0.4542554054632344,0.4030193815558475,0.08173055243540275,0.20969650786310784,0.059766162125851084,0.6950272624460838,-0.26612736084727995,114.0,nearest,1.0
station-4,2024-04-30,11.270125560801748,557.7987689786894,7.5213168587124795,0.0,19.364132631754803,660,2024-04-30,0.26329548161221933,0.4542554054632344,0.4030193815558475,0.08173055243540275,0.20969650786310784,0.059766162125851084,0.6950272624460838,-0.26612736084727995,114.0,nearest,0.0
station-4,2024-05-01,10.526705273978703,551.3662943948741,7.620158400660686,0.0,27.60341028525101,661,2024-04-30,0.26329548161221933,0.4542554054632344,0.4030193815558475,0.08173055243540275,0.20969650786310784,0.059766162125851084,0.6950272624460838,-0.26612736084727995,114.0,nearest,-1.0
station-4,2024-05-02,11.839155125378984,560.2145768276174,7.531076899055846,0.0,30.95858739605222,662,2024-04-30,0.26329548161221933,0.4542554054632344,0.4030193815558475,0.08173055243540275,0.20969650786310784,0.059766162125851084,0.6950272624460838,-0.26612736084727995,114.0,nearest,-2.0
station-4,2024-05-03,13.687032534701524,545.0606531677404,7.5362552744072,0.0,26.502768207155583,663,2024-05-05,0.2723063897617682,0.4231389508648217,0.4058420607895284,0.10890276703872687,0.19691215237490142,0.020865242788583135,0.5906232035042434,-0.21688629183589717,115.0,nearest,2.0
station-4,2024-05-04,10.251822445412262,548.2458420419592,7.566491445481622,0.0,23.250581098763988,664,2024-05-05,0.2723063897617682,0.4231389508648217,0.4058420607895284,0.10890276703872687,0.19691215237490142,0.020865242788583135,0.5906232035042434,-0.21688629183589717,115.0,nearest,1.0
station-4,2024-05-05,12.148131546256195,557.9435436113548,7.54388238591838,0.0,24.587631852576468,665,2024-05-05,0.2723063897617682,0.4231389508648217,0.4058420607895284,0.10890276703872687,0.19691215237490142,0.020865242788583135,0.5906232035042434,-0.21688629183589717,115.0,nearest,0.0
station-4,2024-05-06,12.29428251684483,553.7861401123947,7.528410822437459,0.0,31.45486956398574,666,2024-05-05,0.2723063897617682,0.4231389508648217,0.4058420607895284,0.10890276703872687,0.19691215237490142,0.020865242788583135,0.5906232035042434,-0.21688629183589717,115.0,nearest,-1.0
station-4,2024-05-07,10.94199959174332,548.314601534177,7.498985510912343,2.0486727696584324,31.70748633963936,667,2024-05-05,0.2723063897617682,0.4231389508648217,0.4058420607895284,0.10890276703872687,0.19691215237490142,0.020865242788583135,0.5906232035042434,-0.21688629183589717,115.0,nearest,-2.0
station-4,2024-05-08,11.639306905606011,542.6326933739292,7.523691443029333,6.879852580402314,34.875469528548585,668,2024-05-10,0.29694517526078235,0.4094070915264636,0.42044469213466723,0.11966685081464899,0.17215118652603967,-0.013300689141750196,0.5476365731219642,-0.15921505678349426,116.0,nearest,2.0
station-4,2024-05-09,11.621515986451048,546.7104506469343,7.427223508803694,0.0,27.215905779927255,669,2024-05-10,0.29694517526078235,0.4094070915264636,0.42044469213466723,0.11966685081464899,0.17215118652603967,-0.013300689141750196,0.5476365731219642,-0.15921505678349426,116.0,nearest,1.0
station-4,2024-05-10,10.553560180960423,537.2356002557218,7.539113244058782,2.162443067712551,30.105974108003842,670,2024-05-10,0.29694517526078235,0.4094070915264636,0.42044469213466723,0.11966685081464899,0.17215118652603967,-0.013300689141750196,0.5476365731219642,-0.15921505678349426,116.0,nearest,0.0
station-4,2024-05-11,11.114657858299617,556.6519699781743,7.528325478627216,0.0,24.388716679756346,671,2024-05-10,0.29694517526078235,0.4094070915264636,0.42044469213466723,0.11966685081464899,0.17215118652603967,-0.013300689141750196,0.5476365731219642,-0.15921505678349426,116.0,nearest,-1.0
station-4,2024-05-12,10.158984823655679,539.3881193161164,7.541481319899119,0.0,26.364866521777856,672,2024-05-10,0.29694517526078235,0.4094070915264636,0.42044469213466723,0.11966685081464899,0.17215118652603967,-0.013300689141750196,0.5476365731219642,-0.15921505678349426,116.0,nearest,-2.0
station-4,2024-05-13,10.028614998586562,538.3740396899699,7.528721390938006,0.0,26.2925691316482,673,2024-05-15,0.3188710002940857,0.38710997380861717,0.3881379771924321,0.13658898994062318,0.09797184916179831,-0.0013260317327991654,0.4783683016565017,-0.0966583746839109,117.0,nearest,2.0
station-4,2024-05-14,9.262984910220121,527.2809548584793,7.550337024398633,0.0,31.522334570728916,674,2024-05-15,0.3188710002940857,0.38710997380861717,0.3881379771924321,0.13658898994062318,0.09797184916179831,-0.0013260317327991654,0.4783683016565017,-0.0966583746839109,117.0,nearest,1.0
station-4,2024-05-15,10.674494496491793,545.2135813348292,7.512555855843399,1.828460003935204,34.119201269823165,675,2024-05-15,0.3188710002940857,0.38710997380861717,0.3881379771924321,0.13658898994062318,0.09797184916179831,-0.0013260317327991654,0.4783683016565017,-0.0966583746839109,117.0,nearest,0.0
station-4,2024-05-16,8.356795315851926,549.7116182507099,7.49609580972188,0.0,24.81160123412396,676,2024-05-15,0.3188710002940857,0.38710997380861717,0.3881379771924321,0.13658898994062318,0.09797184916179831,-0.0013260317327991654,0.4783683016565017,-0.0966583746839109,117.0,nearest,-1.0
station-4,2024-05-17,10.52460209893148,553.1694529703773,7.452151118412122,0.0,33.23072902002468,677,2024-05-15,0.3188710002940857,0.38710997380861717,0.3881379771924321,0.13658898994062318,0.09797184916179831,-0.0013260317327991654,0.4783683016565017,-0.0966583746839109,117.0,nearest,-2.0
station-4,2024-05-18,9.255890953390773,535.174966556375,7.530489598035276,0.0,32.134489388647914,678,2024-05-20,0.296683249726198,0.41757003756350053,0.3612968770648697,0.10310107526761735,0.09819996791360365,0.07225003327491593,0.6039685216757601,-0.16924918651199897,118.0,nearest,2.0
station-4,2024-05-19,8.69978894576717,539.5641841110294,7.484690087260101,0.0,20.951762825990944,679,2024-05-20,0.296683249726198,0.41757003756350053,0.3612968770648697,0.10310107526761735,0.09819996791360365,0.07225003327491593,0.6039685216757601,-0.16924918651199897,118.0,nearest,1.0
station-4,2024-05-20,10.46933185044082,543.0594956267284,7.5067299260606735,0.0,29.032960651448395,680,2024-05-20,0.296683249726198,0.41757003756350053,0.3612968770648697,0.10310107526761735,0.09819996791360365,0.07225003327491593,0.6039685216757601,-0.16924918651199897,118.0,nearest,0.0
station-4,2024-05-21,8.483938299087965,537.6018664479785,7.422186549067878,0.0,31.41050154180279,681,2024-05-20,0.296683249726198,0.41757003756350053,0.3612968770648697,0.10310107526761735,0.09819996791360365,0.07225003327491593,0.6039685216757601,-0.16924918651199897,118.0,nearest,-1.0
station-4,2024-05-22,9.460220870182514,530.4578295922905,7.442306053747944,0.0,27.2282986622995,682,2024-05-20,0.296683249726198,0.41757003756350053,0.3612968770648697,0.10310107526761735,0.09819996791360365,0.07225003327491593,0.6039685216757601,-0.16924918651199897,118.0,nearest,-2.0
station-4,2024-05-23,8.482104143232293,529.0297313917785,7.4133115737005895,0.0,26.16064264427073,683,2024-05-25,0.26770003388194064,0.4410859391380424,0.3787081105308381,0.09566687867777947,0.17173062809990014,0.07608963328338267,0.6435346941742334,-0.24462378186935907,119.0,nearest,2.0
station-4,2024-05-24,9.531643428751918,546.9735419044723,7.479195716742946,0.0,32.0866488015461,684,2024-05-25,0.26770003388194064,0.4410859391380424,0.3787081105308381,0.09566687867777947,0.17173062809990014,0.07608963328338267,0.6435346941742334,-0.24462378186935907,119.0,nearest,1.0
station-4,2024-05-25,7.604041505021032,544.1026035767758,7.468128965038606,0.0,21.56614004526292,685,2024-05-25,0.26770003388194064,0.4410859391380424,0.3787081105308381,0.09566687867777947,0.17173062809990014,0.07608963328338267,0.6435346941742334,-0.24462378186935907,119.0,nearest,0.0
station-4,2024-05-26,8.588622096082988,534.2704805665281,7.515123837370852,0.0,29.947725414540685,686,2024-05-25,0.26770003388194064,0.4410859391380424,0.3787081105308381,0.09566687867777947,0.17173062809990014,0.07608963328338267,0.6435346941742334,-0.24462378186935907,119.0,nearest,-1.0
station-4,2024-05-27,7.7417003436037435,527.6209537384955,7.537165932553749,4.344084830690963,33.703414494124544,687,2024-05-25,0.26770003388194064,0.4410859391380424,0.3787081105308381,0.09566687867777947,0.17173062809990014,0.07608963328338267,0.6435346941742334,-0.24462378186935907,119.0,nearest,-2.0
station-4,2024-05-28,8.27852832390358,536.2571226408124,7.421658910570694,0.0,25.23595419692755,688,2024-05-30,0.30634065727808435,0.42147844378452787,0.3679987651622938,0.11009676820284148,0.09143482619045747,0.06774062381557161,0.5857716247105312,-0.15819560978592473,120.0,nearest,2.0
station-4,2024-05-29,8.41216426009488,536.3021198570433,7.508911513167792,1.9547025418170345,30.637289265025352,689,2024-05-30,0.30634065727808435,0.42147844378452787,0.3679987651622938,0.11009676820284148,0.09143482619045747,0.06774062381557161,0.5857716247105312,-0.15819560978592473,120.0,nearest,1.0
station-4,2024-05-30,7.76106562669224,543.5041210920346,7.4773028206458525,2.8000162408424885,31.003099630065023,690,2024-05-30,0.30634065727808435,0.42147844378452787,0.3679987651622938,0.11009676820284148,0.09143482619045747,0.06774062381557161,0.5857716247105312,-0.15819560978592473,120.0,nearest,0.0
station-4,2024-05-31,6.688068357585001,532.004081111793,7.4436654162631095,11.003003522088834,48.21508343850458,691,2024-05-30,0.30634065727808435,0.42147844378452787,0.3679987651622938,0.11009676820284148,0.09143482619045747,0.06774062381557161,0.5857716247105312,-0.15819560978592473,120.0,nearest,-1.0
station-4,2024-06-01,7.846697645621854,534.1131899220137,7.488722344431496,0.0,20.830749513443212,692,2024-05-30,0.30634065727808435,0.42147844378452787,0.3679987651622938,0.11009676820284148,0.09143482619045747,0.06774062381557161,0.5857716247105312,-0.15819560978592473,120.0,nearest,-2.0
station-4,2024-06-02,7.069718301902246,543.4553716886771,7.4077162344632725,0.0,25.74928081786181,693,2024-06-04,0.26962320236666837,0.41831594058563554,0.3771919582461832,0.1070266109253144,0.16630524828390597,0.05169525330903915,0.5925454330036937,-0.2161422848841679,121.0,nearest,2.0
station-4,2024-06-03,7.788507553220476,526.4463581565009,7.513255606133214,4.349903762398289,35.493291323248336,694,2024-06-04,0.26962320236666837,0.41831594058563554,0.3771919582461832,0.1070266109253144,0.16630524828390597,0.05169525330903915,0.5925454330036937,-0.2161422848841679,121.0,nearest,1.0
station-4,2024-06-04,7.234060416487406,528.3645680938837,7.4670055131048505,0.0,25.452932157164177,695,2024-06-04,0.26962320236666837,0.41831594058563554,0.3771919582461832,0.1070266109253144,0.16630524828390597,0.05169525330903915,0.5925454330036937,-0.2161422848841679,121.0,nearest,0.0
station-4,2024-06-05,8.042301951973666,526.2960880116849,7.4669666906314145,3.9789363391080697,30.84290393662567,696,2024-06-04,0.26962320236666837,0.41831594058563554,0.3771919582461832,0.1070266109253144,0.16630524828390597,0.05169525330903915,0.5925454330036937,-0.2161422848841679,121.0,nearest,-1.0
station-4,2024-06-06,6.573189836504316,519.3366833230286,7.486368696820672,0.0,28.85872429427067,697,2024-06-04,0.26962320236666837,0.41831594058563554,0.3771919582461832,0.1070266109253144,0.16630524828390597,0.05169525330903915,0.5925454330036937,-0.2161422848841679,121.0,nearest,-2.0
station-4,2024-06-07,5.82237377710069,527.9663078710935,7.453199383152786,0.0,28.064368486587615,698,2024-06-09,0.3582626120644863,0.4169236777653564,0.34777356906576645,0.14690332043627383,-0.014856240061137558,0.09042808639124232,0.478906398931469,-0.07567350773676157,122.0,nearest,2.0
station-4,2024-06-08,8.198176567570135,529.5188239384009,7.451346758950682,0.0,19.020671729610957,699,2024-06-09,0.3582626120644863,0.4169236777653564,0.34777356906576645,0.14690332043627383,-0.014856240061137558,0.09042808639124232,0.478906398931469,-0.07567350773676157,122.0,nearest,1.0
station-4,2024-06-09,5.19229711832257,530.1314538717725,7.426842315423966,11.863148900227953,38.42894192001227,700,2024-06-09,0.3582626120644863,0.4169236777653564,0.34777356906576645,0.14690332043627383,-0.014856240061137558,0.09042808639124232,0.478906398931469,-0.07567350773676157,122.0,nearest,0.0
station-4,2024-06-10,5.134520214020046,520.1850522056492,7.484458142199312,0.0,16.478122684716,701,2024-06-09,0.3582626120644863,0.4169236777653564,0.34777356906576645,0.14690332043627383,-0.014856240061137558,0.09042808639124232,0.478906398931469,-0.07567350773676157,122.0,nearest,-1.0
station-4,2024-06-11,5.620712302856542,508.7201381150275,7.405090641260219,0.0,22.104549770703958,702,2024-06-09,0.3582626120644863,0.4169236777653564,0.34777356906576645,0.14690332043627383,-0.014856240061137558,0.09042808639124232,0.478906398931469,-0.07567350773676157,122.0,nearest,-2.0
station-4,2024-06-12,6.700228509513309,531.0416393489045,7.446401709026577,0.0,16.617074947572608,703,2024-06-14,0.26971159537001504,0.44911011262224837,0.3333687603162401,0.09699947966617044,0.10555337169586379,0.14791626497384916,0.6447618535330844,-0.24957303773325132,123.0,nearest,2.0
station-4,2024-06-13,6.008391257846559,512.0200213682909,7.374985184569575,0.0,13.513932494123026,704,2024-06-14,0.26971159537001504,0.44911011262224837,0.3333687603162401,0.09699947966617044,0.10555337169586379,0.14791626497384916,0.6447618535330844,-0.24957303773325132,123.0,nearest,1.0
station-4,2024-06-14,4.076892609690393,521.1817704726217,7.375265163653204,0.0,21.344435050985872,705,2024-06-14,0.26971159537001504,0.44911011262224837,0.3333687603162401,0.09699947966617044,0.10555337169586379,0.14791626497384916,0.6447618535330844,-0.24957303773325132,123.0,nearest,0.0
station-4,2024-06-15,6.4781621429960765,525.6930322464025,7.436952232659574,0.0,16.47046725299483,706,2024-06-14,0.26971159537001504,0.44911011262224837,0.3333687603162401,0.09699947966617044,0.10555337169586379,0.14791626497384916,0.6447618535330844,-0.24957303773325132,123.0,nearest,-1.0
station-4,2024-06-16,6.829344822316465,509.02949627722734,7.461719501984462,0.0,11.477114805144334,707,2024-06-14,0.26971159537001504,0.44911011262224837,0.3333687603162401,0.09699947966617044,0.10555337169586379,0.14791626497384916,0.6447618535330844,-0.24957303773325132,123.0,nearest,-2.0
station-4,2024-06-17,4.5988716685991555,512.6630471511428,7.463783946689391,0.0,16.801903943942673,708,2024-06-14,0.26971159537001504,0.44911011262224837,0.3333687603162401,0.09699947966617044,0.10555337169586379,0.14791626497384916,0.6447618535330844,-0.24957303773325132,123.0,nearest,-3.0
station-4,2024-06-18,5.1996834475843325,534.5219088201861,7.5014054140095645,0.0,17.292780617442812,709,,,,,,,,,,,nearest,
station-4,2024-06-19,4.461662399521091,528.3410410697186,7.3910298239458605,5.11327663591314,31.49168417278309,710,,,,,,,,,,,nearest,
station-4,2024-06-20,4.385315025640429,513.5178571077786,7.367364418696338,0.0,17.4731143736753,711,,,,,,,,,,,nearest,
station-4,2024-06-21,4.001210646611645,520.6567816462373,7.418736433596681,0.0,19.000413032658578,712,2024-06-24,0.3097621921894903,0.43848908329199143,0.3089869096500298,0.12242936580546164,-0.0012529837007530698,0.17325261930118824,0.5634682153797692,-0.17203698185434896,124.0,nearest,3.0
station-4,2024-06-22,4.605990350769104,514.2874013249749,7.4718323887815385,0.38677738115315086,15.408316731700166,713,2024-06-24,0.3097621921894903,0.43848908329199143,0.3089869096500298,0.12242936580546164,-0.0012529837007530698,0.17325261930118824,0.5634682153797692,-0.17203698185434896,124.0,nearest,2.0
station-4,2024-06-23,4.491686795588776,516.8905597135703,7.41231536255302,1.3683390008002516,23.74538791621768,714,2024-06-24,0.3097621921894903,0.43848908329199143,0.3089869096500298,0.12242936580546164,-0.0012529837007530698,0.17325261930118824,0.5634682153797692,-0.17203698185434896,124.0,nearest,1.0
station-4,2024-06-24,4.000015380664595,525.0612397350963,7.407756035680374,5.952413971515987,27.901107098382333,715,2024-06-24,0.3097621921894903,0.43848908329199143,0.3089869096500298,0.12242936580546164,-0.0012529837007530698,0.17325261930118824,0.5634682153797692,-0.17203698185434896,124.0,nearest,0.0
station-4,2024-06-25,4.898754790574316,514.9206914933357,7.363578263956493,0.0,21.40267254567589,716,2024-06-24,0.3097621921894903,0.43848908329199143,0.3089869096500298,0.12242936580546164,-0.0012529837007530698,0.17325261930118824,0.5634682153797692,-0.17203698185434896,124.0,nearest,-1.0
station-4,2024-06-26,4.271854811953053,513.5342770725888,7.4209329218370135,0.0,13.60863484650034,717,2024-06-24,0.3097621921894903,0.43848908329199143,0.3089869096500298,0.12242936580546164,-0.0012529837007530698,0.17325261930118824,0.5634682153797692,-0.17203698185434896,124.0,nearest,-2.0
station-4,2024-06-27,4.264348835232361,525.2440637939267,7.444855799018999,2.4320813874219698,21.235558911603302,718,2024-06-24,0.3097621921894903,0.43848908329199143,0.3089869096500298,0.12242936580546164,-0.0012529837007530698,0.17325261930118824,0.5634682153797692,-0.17203698185434896,124.0,nearest,-3.0
station-4,2024-06-28,4.178458040658176,509.9438954437741,7.37155833463424,0.3482076868639038,27.525777459685397,719,,,,,,,,,,,nearest,
station-5,2024-01-01,20.772321818573957,586.7094787944051,7.689316575828938,2.7506565421258085,43.54753384981331,720,2024-01-01,0.3313105728388593,0.37131090051183724,0.5149813486365393,0.1392468708283984,0.21703004735939607,-0.16210279201104671,0.4545304032377394,-0.05693012409971244,125.0,nearest,0.0
station-5,2024-01-02,22.748863056654592,586.2670083715203,7.755255880200266,4.122657267294253,50.36712675389451,721,2024-01-01,0.3313105728388593,0.37131090051183724,0.5149813486365393,0.1392468708283984,0.21703004735939607,-0.16210279201104671,0.4545304032377394,-0.05693012409971244,125.0,nearest,-1.0
station-5,2024-01-03,20.164326212993235,583.7360393271109,7.790906504604005,0.885533951467641,42.849311990405845,722,2024-01-01,0.3313105728388593,0.37131090051183724,0.5149813486365393,0.1392468708283984,0.21703004735939607,-0.16210279201104671,0.4545304032377394,-0.05693012409971244,125.0,nearest,-2.0
station-5,2024-01-04,20.471229978374673,597.4815806355291,7.788196943617536,0.0,40.92971015954967,723,2024-01-06,0.2964405397364371,0.39423909183214645,0.49081557052311237,0.11271923001552973,0.24690190174909157,-0.10911922483291811,0.555311649270458,-0.141597562206376,126.0,nearest,2.0
station-5,2024-01-05,21.82974495832705,589.0540694516374,7.707680568992371,0.0,40.509314403634605,724,2024-01-06,0.2964405397364371,0.39423909183214645,0.49081557052311237,0.11271923001552973,0.24690190174909157,-0.10911922483291811,0.555311649270458,-0.141597562206376,126.0,nearest,1.0
station-5,2024-01-06,21.666476184624873,576.937786552492,7.746785221459912,0.0,32.44722959625096,725,2024-01-06,0.2964405397364371,0.39423909183214645,0.49081557052311237,0.11271923001552973,0.24690190174909157,-0.10911922483291811,0.555311649270458,-0.141597562206376,126.0,nearest,0.0
station-5,2024-01-07,22.376852086097557,588.9504904406016,7.606460162400804,0.0,41.28929292475859,726,2024-01-06,0.2964405397364371,0.39423909183214645,0.49081557052311237,0.11271923001552973,0.24690190174909157,-0.10911922483291811,0.555311649270458,-0.141597562206376,126.0,nearest,-1.0
station-5,2024-01-08,22.093992697921006,583.2431018015792,7.713479110718205,3.4638045431628077,48.59031872093574,727,2024-01-06,0.2964405397364371,0.39423909183214645,0.49081557052311237,0.11271923001552973,0.24690190174909157,-0.10911922483291811,0.555311649270458,-0.141597562206376,126.0,nearest,-2.0
station-5,2024-01-09,21.014957475518006,590.137168823801,7.762854849655035,0.0,36.50041031578781,728,2024-01-11,0.2804202718254547,0.3894950958562792,0.48808824484445246,0.11334488378953712,0.2702220840946075,-0.11234619484623386,0.5491810978539396,-0.16281881158851727,127.0,nearest,2.0
station-5,2024-01-10,20.54639625294478,587.2914555252577,7.694012640605536,1.1237899704628378,40.20068027792403,729,2024-01-11,0.2804202718254547,0.3894950958562792,0.48808824484445246,0.11334488378953712,0.2702220840946075,-0.11234619484623386,0.5491810978539396,-0.16281881158851727,127.0,nearest,1.0
station-5,2024-01-11,19.81187347418786,582.6620169567839,7.7965667125041564,0.0,33.87493015995419,730,2024-01-11,0.2804202718254547,0.3894950958562792,0.48808824484445246,0.11334488378953712,0.2702220840946075,-0.11234619484623386,0.5491810978539396,-0.16281881158851727,127.0,nearest,0.0
station-5,2024-01-12,20.57683719799878,578.2015218109766,7.772849771616132,0.0,39.514935738324446,731,2024-01-11,0.2804202718254547,0.3894950958562792,0.48808824484445246,0.11334488378953712,0.2702220840946075,-0.11234619484623386,0.5491810978539396,-0.16281881158851727,127.0,nearest,-1.0
station-5,2024-01-13,19.60796099876594,582.2811680026898,7.675835770191345,2.2576002366886967,45.13602373077011,732,2024-01-11,0.2804202718254547,0.3894950958562792,0.48808824484445246,0.11334488378953712,0.2702220840946075,-0.11234619484623386,0.5491810978539396,-0.16281881158851727,127.0,nearest,-2.0
station-5,2024-01-14,20.78353948955853,581.1613095600438,7.694652784959727,0.0,41.21040823113929,733,2024-01-16,0.34193539635362363,0.3291685097268324,0.51222304668969,0.14668928307990828,0.19936307101214384,-0.21756165196437777,0.3834742845559201,0.019023710801141777,128.0,nearest,2.0
station-5,2024-01-15,20.568794795436222,578.8029092544872,7.727367786224365,1.2521887851482418,40.43357969691463,734,2024-01-16,0.34193539635362363,0.3291685097268324,0.51222304668969,0.14668928307990828,0.19936307101214384,-0.21756165196437777,0.3834742845559201,0.019023710801141777,128.0,nearest,1.0
station-5,2024-01-16,21.828000768554844,584.1435745076436,7.754498894893641,3.5537324294566153,47.32645829931543,735,2024-01-16,0.34193539635362363,0.3291685097268324,0.51222304668969,0.14668928307990828,0.19936307101214384,-0.21756165196437777,0.3834742845559201,0.019023710801141777,128.0,nearest,0.0
station-5,2024-01-17,21.214410455262527,584.508660180327,7.72046124973269,7.73697076817961,58.76835747373142,736,2024-01-16,0.34193539635362363,0.3291685097268324,0.51222304668969,0.14668928307990828,0.19936307101214384,-0.21756165196437777,0.3834742845559201,0.019023710801141777,128.0,nearest,-1.0
station-5,2024-01-18,20.643009739818886,570.9531637152838,7.730763763072061,0.0,40.16511157284545,737,2024-01-16,0.34193539635362363,0.3291685097268324,0.51222304668969,0.14668928307990828,0.19936307101214384,-0.21756165196437777,0.3834742845559201,0.019023710801141777,128.0,nearest,-2.0
station-5,2024-01-19,21.246856234532878,567.3355296286873,7.715105540417861,0.0,37.26958514941257,738,2024-01-16,0.34193539635362363,0.3291685097268324,0.51222304668969,0.14668928307990828,0.19936307101214384,-0.21756165196437777,0.3834742845559201,0.019023710801141777,128.0,nearest,-3.0
station-5,2024-01-20,21.47119853756508,585.2777930172949,7.700203492442856,0.15370840717789735,34.13882866883887,739,,,,,,,,,,,nearest,
station-5,2024-01-21,19.831175478394158,585.346883727609,7.748484349997314,0.0,33.52226443214095,740,,,,,,,,,,,nearest,
station-5,2024-01-22,22.023373934215336,580.0989864642322,7.620439273554423,0.0,35.07777916096781,741,,,,,,,,,,,nearest,
station-5,2024-01-23,18.49774839332361,565.4738101178735,7.712565226511067,1.2015384424163464,40.87695476056423,742,2024-01-26,0.24334802688845977,0.3529746072666481,0.4929361953628029,0.10002692112872637,0.3389834535788399,-0.16545667422746535,0.558381529161535,-0.18383769808354053,129.0,nearest,3.0
station-5,2024-01-24,19.291357129067535,581.7922151267169,7.726312557254481,0.0,36.94409415955671,743,2024-01-26,0.24334802688845977,0.3529746072666481,0.4929361953628029,0.10002692112872637,0.3389834535788399,-0.16545667422746535,0.558381529161535,-0.18383769808354053,129.0,nearest,2.0
station-5,2024-01-25,19.885303352533995,572.2643859231418,7.745458359838768,0.34224324176063164,30.231979081004877,744,2024-01-26,0.24334802688845977,0.3529746072666481,0.4929361953628029,0.10002692112872637,0.3389834535788399,-0.16545667422746535,0.558381529161535,-0.18383769808354053,129.0,nearest,1.0
station-5,2024-01-26,21.131076782909055,566.1990133350226,7.727027543231988,0.0,29.190344681926135,745,2024-01-26,0.24334802688845977,0.3529746072666481,0.4929361953628029,0.10002692112872637,0.3389834535788399,-0.16545667422746535,0.558381529161535,-0.18383769808354053,129.0,nearest,0.0
station-5,2024-01-27,21.437105443797584,567.4863099379226,7.782187053152568,0.0,27.967962771057305,746,2024-01-26,0.24334802688845977,0.3529746072666481,0.4929361953628029,0.10002692112872637,0.3389834535788399,-0.16545667422746535,0.558381529161535,-0.18383769808354053,129.0,nearest,-1.0
station-5,2024-01-28,20.020256511656374,565.7543676757397,7.7303779326002795,6.387714263415876,41.98135769807747,747,2024-01-26,0.24334802688845977,0.3529746072666481,0.4929361953628029,0.10002692112872637,0.3389834535788399,-0.16545667422746535,0.558381529161535,-0.18383769808354053,129.0,nearest,-2.0
station-5,2024-01-29,19.563704053359007,578.3460081394253,7.723735193169973,1.7913780914860422,27.805664885833384,748,2024-01-31,0.3500101333442861,0.31773334720743224,0.47133907300711514,0.15163031974812208,0.14771906848464206,-0.19466619522441017,0.3538898281937938,0.0483371041079808,130.0,nearest,2.0
station-5,2024-01-30,21.844178344540335,560.5141362020652,7.72996865133109,0.0,27.908480568867155,749,2024-01-31,0.3500101333442861,0.31773334720743224,0.47133907300711514,0.15163031974812208,0.14771906848464206,-0.19466619522441017,0.3538898281937938,0.0483371041079808,130.0,nearest,1.0
station-5,2024-01-31,20.299262715628455,574.571637954927,7.75004274515652,7.314146679189383,50.43105063303405,750,2024-01-31,0.3500101333442861,0.31773334720743224,0.47133907300711514,0.15163031974812208,0.14771906848464206,-0.19466619522441017,0.3538898281937938,0.0483371041079808,130.0,nearest,0.0
station-5,2024-02-01,19.459962996607704,576.6219789970289,7.707439114852726,1.3127981435428577,28.09965433702199,751,2024-01-31,0.3500101333442861,0.31773334720743224,0.47133907300711514,0.15163031974812208,0.14771906848464206,-0.19466619522441017,0.3538898281937938,0.0483371041079808,130.0,nearest,-1.0
station-5,2024-02-02,19.309521122304577,560.7506156977688,7.697474296670381,0.0,30.347892302084478,752,2024-01-31,0.3500101333442861,0.31773334720743224,0.47133907300711514,0.15163031974812208,0.14771906848464206,-0.19466619522441017,0.3538898281937938,0.0483371041079808,130.0,nearest,-2.0
station-5,2024-02-03,19.525345332950724,569.3813449136993,7.6597506724945585,0.0,27.235287684377194,753,2024-02-05,0.2507958893630567,0.3820929786994694,0.49761595212082643,0.10372192212662454,0.3297917658122529,-0.13131954146883124,0.5729981853160423,-0.20745678421924976,131.0,nearest,2.0
station-5,2024-02-04,21.606563668085723,565.198304729441,7.716513403565353,0.0,32.588813696881545,754,2024-02-05,0.2507958893630567,0.3820929786994694,0.49761595212082643,0.10372192212662454,0.3297917658122529,-0.13131954146883124,0.5729981853160423,-0.20745678421924976,131.0,nearest,1.0
station-5,2024-02-05,20.27807472860767,563.7440385576035,7.714504500824014,0.0,27.420123070079473,755,2024-02-05,0.2507958893630567,0.3820929786994694,0.49761595212082643,0.10372192212662454,0.3297917658122529,-0.13131954146883124,0.5729981853160423,-0.20745678421924976,131.0,nearest,0.0
station-5,2024-02-06,20.13810025204299,566.2098591737391,7.688390960159849,6.948299710450209,49.808268523679295,756,2024-02-05,0.2507958893630567,0.3820929786994694,0.49761595212082643,0.10372192212662454,0.3297917658122529,-0.13131954146883124,0.5729981853160423,-0.20745678421924976,131.0,nearest,-1.0
station-5,2024-02-07,20.4548909011537,567.8308485266386,7.679716360261439,0.0,33.512964355343016,757,2024-02-05,0.2507958893630567,0.3820929786994694,0.49761595212082643,0.10372192212662454,0.3297917658122529,-0.13131954146883124,0.5729981853160423,-0.20745678421924976,131.0,nearest,-2.0
station-5,2024-02-08,20.66369390549561,560.1429942166124,7.66072081267029,1.5329735971014788,36.1493018825647,758,2024-02-10,0.2677302712724165,0.37423494192471324,0.46496377875485856,0.11705323277337437,0.2691894488226019,-0.10811365007405437,0.5234844280739819,-0.16590411514960407,132.0,nearest,2.0
station-5,2024-02-09,20.330135965838675,558.1244664131962,7.7067193316406,0.0,26.459629948208082,759,2024-02-10,0.2677302712724165,0.37423494192471324,0.46496377875485856,0.11705323277337437,0.2691894488226019,-0.10811365007405437,0.5234844280739819,-0.16590411514960407,132.0,nearest,1.0
station-5,2024-02-10,20.678875283514007,568.5593446251287,7.746327362316452,0.0,32.117327901063085,760,2024-02-10,0.2677302712724165,0.37423494192471324,0.46496377875485856,0.11705323277337437,0.2691894488226019,-0.10811365007405437,0.5234844280739819,-0.16590411514960407,132.0,nearest,0.0
station-5,2024-02-11,18.39760703030331,555.890394791633,7.659994768400273,2.557215990116519,37.1007514204415,761,2024-02-10,0.2677302712724165,0.37423494192471324,0.46496377875485856,0.11705323277337437,0.2691894488226019,-0.10811365007405437,0.5234844280739819,-0.16590411514960407,132.0,nearest,-1.0
station-5,2024-02-12,19.19178492009317,559.1395818114131,7.70485381476264,0.0,30.16696218280164,762,2024-02-10,0.2677302712724165,0.37423494192471324,0.46496377875485856,0.11705323277337437,0.2691894488226019,-0.10811365007405437,0.5234844280739819,-0.16590411514960407,132.0,nearest,-2.0
station-5,2024-02-13,20.25320879616604,557.0688495134295,7.626289617431498,0.0,36.901733460091165,763,2024-02-10,0.2677302712724165,0.37423494192471324,0.46496377875485856,0.11705323277337437,0.2691894488226019,-0.10811365007405437,0.5234844280739819,-0.16590411514960407,132.0,nearest,-3.0
station-5,2024-02-14,18.286951455700905,560.9165118664239,7.681711657626839,0.0,28.233335109852355,764,,,,,,,,,,,nearest,
station-5,2024-02-15,18.94229491991746,557.3112625621803,7.684254165327153,1.0471117343196923,33.0065860363096,765,,,,,,,,,,,nearest,
station-5,2024-02-16,19.187771428863073,547.113355057861,7.697054288315561,0.0,30.41876220158445,766,,,,,,,,,,,nearest,
station-5,2024-02-17,19.73669818065032,555.4119449228152,7.701509520716693,7.177810410355912,39.15729173585415,767,,,,,,,,,,,nearest,
station-5,2024-02-18,17.727397934509337,571.1853117939896,7.693633435865491,0.0,36.92550180185763,768,,,,,,,,,,,nearest,
station-5,2024-02-19,18.65776721689483,553.7795129044302,7.634463075156193,1.1940547847171834,34.35724621844883,769,,,,,,,,,,,nearest,
station-5,2024-02-20,19.555237187044945,554.9697940797904,7.70085516473593,6.97604468637868,49.169557875031224,770,,,,,,,,,,,nearest,
station-5,2024-02-21,17.663622377780563,552.3078888648613,7.7287001399374615,0.0,38.08358069410157,771,,,,,,,,,,,nearest,
station-5,2024-02-22,18.08632990831563,549.1690395694944,7.648894406097098,0.9660278412858749,36.24314572892588,772,,,,,,,,,,,nearest,
station-5,2024-02-23,19.847518585065107,556.4855913861907,7.64601489973802,3.282485361917894,37.849285622527034,773,,,,,,,,,,,nearest,
station-5,2024-02-24,17.83617288588778,550.5382830795605,7.688399125255394,0.0,36.118579026558386,774,,,,,,,,,,,nearest,
station-5,2024-02-25,19.689561955257325,544.2796320835555,7.6933672811693095,0.0,35.76459058708127,775,,,,,,,,,,,nearest,
station-5,2024-02-26,18.112237978638426,549.9184089916641,7.669692809341732,0.0,37.74732149751833,776,,,,,,,,,,,nearest,
station-5,2024-02-27,18.33419895103233,546.9376168365853,7.719766681904319,6.242264642365322,42.86309586638738,777,,,,,,,,,,,nearest,
station-5,2024-02-28,18.778253712578675,556.2653439823774,7.661414977101651,3.216059195341482,45.95198517226155,778,,,,,,,,,,,nearest,
station-5,2024-02-29,17.568496825378322,552.2886167568122,7.6592297299829415,5.8842109100884326,38.16279366389034,779,,,,,,,,,,,nearest,
station-5,2024-03-01,18.795738175480736,546.089355733994,7.654329030066696,0.0,35.839499650150756,780,,,,,,,,,,,nearest,
station-5,2024-03-02,17.38857516188159,540.9523836595224,7.659463380609098,4.558044169346454,41.10950870072569,781,,,,,,,,,,,nearest,
station-5,2024-03-03,17.347804066144814,569.1689391232952,7.654319764299983,0.0,38.608050545693565,782,2024-03-06,0.34167021439070183,0.3529151593864929,0.4836477630225257,0.13342325867322957,0.17202769419469133,-0.15627348539374306,0.4513151594910803,-0.01618943533843859,133.0,nearest,3.0
station-5,2024-03-04,18.778435313675065,557.6500373217158,7.678436943821076,0.0,40.05892806913794,783,2024-03-06,0.34167021439070183,0.3529151593864929,0.4836477630225257,0.13342325867322957,0.17202769419469133,-0.15627348539374306,0.4513151594910803,-0.01618943533843859,133.0,nearest,2.0
station-5,2024-03-05,17.758080159767086,542.1988056146383,7.661495479750778,0.0,35.20582082970863,784,2024-03-06,0.34167021439070183,0.3529151593864929,0.4836477630225257,0.13342325867322957,0.17202769419469133,-0.15627348539374306,0.4513151594910803,-0.01618943533843859,133.0,nearest,1.0
station-5,2024-03-06,17.26549769501132,554.5052422364522,7.66590038206142,3.656869261781279,41.90874621397829,785,2024-03-06,0.34167021439070183,0.3529151593864929,0.4836477630225257,0.13342325867322957,0.17202769419469133,-0.15627348539374306,0.4513151594910803,-0.01618943533843859,133.0,nearest,0.0
station-5,2024-03-07,16.759338471440202,555.3342693843452,7.598166902288724,0.0,33.7206330997408,786,2024-03-06,0.34167021439070183,0.3529151593864929,0.4836477630225257,0.13342325867322957,0.17202769419469133,-0.15627348539374306,0.4513151594910803,-0.01618943533843859,133.0,nearest,-1.0
station-5,2024-03-08,16.585655910346997,553.9778349729783,7.597659056591414,0.0,31.8491428977659,787,2024-03-06,0.34167021439070183,0.3529151593864929,0.4836477630225257,0.13342325867322957,0.17202769419469133,-0.15627348539374306,0.4513151594910803,-0.01618943533843859,133.0,nearest,-2.0
station-5,2024-03-09,15.710294575245872,553.0819163465783,7.659257213835592,0.0,37.894124510859406,788,2024-03-11,0.3099249032893027,0.3761708856399612,0.460226783071462,0.13986896436585905,0.1951588011088933,-0.10049752716432071,0.45791409572620595,-0.09655500502931727,134.0,nearest,2.0
station-5,2024-03-10,15.504000320485867,550.7172522865148,7.678073093456501,0.0,34.07135270856338,789,2024-03-11,0.3099249032893027,0.3761708856399612,0.460226783071462,0.13986896436585905,0.1951588011088933,-0.10049752716432071,0.45791409572620595,-0.09655500502931727,134.0,nearest,1.0
station-5,2024-03-11,16.796552258137794,547.491337959362,7.637063419975026,0.0,39.09761766920131,790,2024-03-11,0.3099249032893027,0.3761708856399612,0.460226783071462,0.13986896436585905,0.1951588011088933,-0.10049752716432071,0.45791409572620595,-0.09655500502931727,134.0,nearest,0.0
station-5,2024-03-12,16.167862961258578,552.2170576602438,7.625960576848055,0.0,37.310210076745626,791,2024-03-11,0.3099249032893027,0.3761708856399612,0.460226783071462,0.13986896436585905,0.1951588011088933,-0.10049752716432071,0.45791409572620595,-0.09655500502931727,134.0,nearest,-1.0
station-5,2024-03-13,15.671888048568606,559.200225125608,7.665273814909741,0.0,33.65346614613527,792,2024-03-11,0.3099249032893027,0.3761708856399612,0.460226783071462,0.13986896436585905,0.1951588011088933,-0.10049752716432071,0.45791409572620595,-0.09655500502931727,134.0,nearest,-2.0
station-5,2024-03-14,15.70856330686663,547.7511784485373,7.567005969958882,0.43638227440653554,39.55521407027763,793,2024-03-11,0.3099249032893027,0.3761708856399612,0.460226783071462,0.13986896436585905,0.1951588011088933,-0.10049752716432071,0.45791409572620595,-0.09655500502931727,134.0,nearest,-3.0
station-5,2024-03-15,14.738795826656528,558.4515695020015,7.6296410179080905,0.0,37.026811662324526,794,,,,,,,,,,,nearest,
station-5,2024-03-16,15.468853480222114,563.0138679618107,7.637098370119992,0.0,33.704631006123044,795,,,,,,,,,,,nearest,
station-5,2024-03-17,15.182612994891006,557.6536284547625,7.591134545272033,2.898055994419683,41.123704588869536,796,,,,,,,,,,,nearest,
station-5,2024-03-18,15.656013040980923,556.5765188820989,7.597636356575954,0.0,26.49358346467124,797,2024-03-21,0.28382497884404484,0.38216094454240956,0.4355014212197365,0.12904451022988678,0.21085899580808212,-0.0652353329575198,0.49513641129918523,-0.14765472098620153,135.0,nearest,3.0
station-5,2024-03-19,14.87936265677525,552.4715806528982,7.5922320297247605,5.4012093450200975,43.63500079641312,798,2024-03-21,0.28382497884404484,0.38216094454240956,0.4355014212197365,0.12904451022988678,0.21085899580808212,-0.0652353329575198,0.49513641129918523,-0.14765472098620153,135.0,nearest,2.0
station-5,2024-03-20,16.399825821818318,567.4406266003228,7.53686718072474,0.6289293484660685,32.31857218099226,799,2024-03-21,0.28382497884404484,0.38216094454240956,0.4355014212197365,0.12904451022988678,0.21085899580808212,-0.0652353329575198,0.49513641129918523,-0.14765472098620153,135.0,nearest,1.0
station-5,2024-03-21,15.786960640922539,577.5188452286425,7.602550335119691,0.0,30.933276875834107,800,2024-03-21,0.28382497884404484,0.38216094454240956,0.4355014212197365,0.12904451022988678,0.21085899580808212,-0.0652353329575198,0.49513641129918523,-0.14765472098620153,135.0,nearest,0.0
station-5,2024-03-22,14.077278560807368,549.8977640638036,7.583163858155111,0.0,30.27453929718675,801,2024-03-21,0.28382497884404484,0.38216094454240956,0.4355014212197365,0.12904451022988678,0.21085899580808212,-0.0652353329575198,0.49513641129918523,-0.14765472098620153,135.0,nearest,-1.0
station-5,2024-03-23,14.658799827439772,549.1949475156889,7.5998165218589255,2.846963823142188,36.47576653586658,802,2024-03-21,0.28382497884404484,0.38216094454240956,0.4355014212197365,0.12904451022988678,0.21085899580808212,-0.0652353329575198,0.49513641129918523,-0.14765472098620153,135.0,nearest,-2.0
station-5,2024-03-24,15.104455431469036,560.2628002423744,7.656991844561962,1.4526504483471525,36.497585178532404,803,2024-03-26,0.3158800666411002,0.35982651600376697,0.45184002331329876,0.13793384465426511,0.17709573899554237,-0.11336368182302024,0.44578212506950715,-0.06503777007861981,136.0,nearest,2.0
station-5,2024-03-25,13.686995124158344,564.8411579801942,7.577513621681202,4.911474665621824,43.02922127572343,804,2024-03-26,0.3158800666411002,0.35982651600376697,0.45184002331329876,0.13793384465426511,0.17709573899554237,-0.11336368182302024,0.44578212506950715,-0.06503777007861981,136.0,nearest,1.0
station-5,2024-03-26,14.413016040074039,564.6608968638776,7.650080412182691,3.652806452748896,42.493083268671526,805,2024-03-26,0.3158800666411002,0.35982651600376697,0.45184002331329876,0.13793384465426511,0.17709573899554237,-0.11336368182302024,0.44578212506950715,-0.06503777007861981,136.0,nearest,0.0
station-5,2024-03-27,14.513307567337263,562.0942954302683,7.499239368545034,3.6539793330270927,32.650130424761876,806,2024-03-26,0.3158800666411002,0.35982651600376697,0.45184002331329876,0.13793384465426511,0.17709573899554237,-0.11336368182302024,0.44578212506950715,-0.06503777007861981,136.0,nearest,-1.0
station-5,2024-03-28,14.143083210020302,583.4625152712573,7.5732440345185665,0.0,32.5136577323774,807,2024-03-26,0.3158800666411002,0.35982651600376697,0.45184002331329876,0.13793384465426511,0.17709573899554237,-0.11336368182302024,0.44578212506950715,-0.06503777007861981,136.0,nearest,-2.0
station-5,2024-03-29,13.886481342152102,568.7873875388894,7.580005360773604,3.807942123401756,35.46919323132436,808,2024-03-31,0.26647322075279845,0.37555013375987173,0.42929910664856424,0.10894456970067748,0.23402179058184672,-0.06678141717747858,0.5502754976575364,-0.16989555323866445,137.0,nearest,2.0
station-5,2024-03-30,14.344122114401925,572.1493476085549,7.591862697794369,3.7662894214891587,42.342578243881796,809,2024-03-31,0.26647322075279845,0.37555013375987173,0.42929910664856424,0.10894456970067748,0.23402179058184672,-0.06678141717747858,0.5502754976575364,-0.16989555323866445,137.0,nearest,1.0
station-5,2024-03-31,13.99330607113709,567.8450541889157,7.525980922865743,0.0,30.98314526875747,810,2024-03-31,0.26647322075279845,0.37555013375987173,0.42929910664856424,0.10894456970067748,0.23402179058184672,-0.06678141717747858,0.5502754976575364,-0.16989555323866445,137.0,nearest,0.0
station-5,2024-04-01,13.996947939731955,572.9311077123594,7.600863449978911,0.0,24.04015198600398,811,2024-03-31,0.26647322075279845,0.37555013375987173,0.42929910664856424,0.10894456970067748,0.23402179058184672,-0.06678141717747858,0.5502754976575364,-0.16989555323866445,137.0,nearest,-1.0
station-5,2024-04-02,14.025710519764196,571.1947654181578,7.567053717278894,0.7735507381927607,33.00885795057415,812,2024-03-31,0.26647322075279845,0.37555013375987173,0.42929910664856424,0.10894456970067748,0.23402179058184672,-0.06678141717747858,0.5502754976575364,-0.16989555323866445,137.0,nearest,-2.0
station-5,2024-04-03,12.86197192052794,561.3538348638718,7.536197488868682,1.0854412198218073,26.310798475612337,813,2024-03-31,0.26647322075279845,0.37555013375987173,0.42929910664856424,0.10894456970067748,0.23402179058184672,-0.06678141717747858,0.5502754976575364,-0.16989555323866445,137.0,nearest,-3.0
station-5,2024-04-04,13.1384868366021,569.8155352747505,7.5617937587255035,0.0,33.85433116521312,814,,,,,,,,,,,nearest,
station-5,2024-04-05,12.88423083345089,570.9079021024736,7.573206050021536,2.493668037479407,34.99337903037205,815,,,,,,,,,,,nearest,
station-5,2024-04-06,12.135461088654791,587.1122875054607,7.506552063343224,0.0,25.883282526142654,816,,,,,,,,,,,nearest,
station-5,2024-04-07,14.277385692277312,570.7889501160003,7.520744882288875,0.0,26.974711153342454,817,2024-04-10,0.2554468464105638,0.4122876129500662,0.4223124111968953,0.08898319170230493,0.2462018230121701,-0.012011500068041971,0.6449695818051309,-0.23488493717949016,138.0,nearest,3.0
station-5,2024-04-08,12.996718430222103,582.927308243876,7.538083913571556,0.0,25.926758242315962,818,2024-04-10,0.2554468464105638,0.4122876129500662,0.4223124111968953,0.08898319170230493,0.2462018230121701,-0.012011500068041971,0.6449695818051309,-0.23488493717949016,138.0,nearest,2.0
station-5,2024-04-09,12.4631830841541,570.5852246881445,7.544670136685398,1.4233979749078864,33.177169554600134,819,2024-04-10,0.2554468464105638,0.4122876129500662,0.4223124111968953,0.08898319170230493,0.2462018230121701,-0.012011500068041971,0.6449695818051309,-0.23488493717949016,138.0,nearest,1.0
station-5,2024-04-10,10.531475585171584,579.6324489862062,7.58649614621825,0.0,24.13016439036729,820,2024-04-10,0.2554468464105638,0.4122876129500662,0.4223124111968953,0.08898319170230493,0.2462018230121701,-0.012011500068041971,0.6449695818051309,-0.23488493717949016,138.0,nearest,0.0
station-5,2024-04-11,11.685799947368848,586.2624856690588,7.538609283049284,0.0,20.466728177216147,821,2024-04-10,0.2554468464105638,0.4122876129500662,0.4223124111968953,0.08898319170230493,0.2462018230121701,-0.012011500068041971,0.6449695818051309,-0.23488493717949016,138.0,nearest,-1.0
station-5,2024-04-12,12.66933673367879,591.1834092170786,7.557609089331829,0.0,28.83716692432518,822,2024-04-10,0.2554468464105638,0.4122876129500662,0.4223124111968953,0.08898319170230493,0.2462018230121701,-0.012011500068041971,0.6449695818051309,-0.23488493717949016,138.0,nearest,-2.0
station-5,2024-04-13,13.07245297146901,579.9612109029171,7.508308987869208,0.0,18.673085073062115,823,2024-04-15,0.30297380737831986,0.396626659502303,0.4271117969539071,0.12611786434935654,0.17003210149463238,-0.037008272726216554,0.5174780084921738,-0.13386619443174805,139.0,nearest,2.0
station-5,2024-04-14,11.501536912145893,585.7132988909699,7.511764445917297,7.16432410573108,36.88969627858036,824,2024-04-15,0.30297380737831986,0.396626659502303,0.4271117969539071,0.12611786434935654,0.17003210149463238,-0.037008272726216554,0.5174780084921738,-0.13386619443174805,139.0,nearest,1.0
station-5,2024-04-15,11.484017788308842,574.9658948125145,7.524926265973341,3.3805212485600054,35.401010753025254,825,2024-04-15,0.30297380737831986,0.396626659502303,0.4271117969539071,0.12611786434935654,0.17003210149463238,-0.037008272726216554,0.5174780084921738,-0.13386619443174805,139.0,nearest,0.0
station-5,2024-04-16,11.79003675508237,593.3713386374125,7.519169834124128,0.0,33.954330335323284,826,2024-04-15,0.30297380737831986,0.396626659502303,0.4271117969539071,0.12611786434935654,0.17003210149463238,-0.037008272726216554,0.5174780084921738,-0.13386619443174805,139.0,nearest,-1.0
station-5,2024-04-17,11.663597573229072,582.1970262918169,7.536023496023857,0.0,28.39743635484296,827,2024-04-15,0.30297380737831986,0.396626659502303,0.4271117969539071,0.12611786434935654,0.17003210149463238,-0.037008272726216554,0.5174780084921738,-0.13386619443174805,139.0,nearest,-2.0
station-5,2024-04-18,10.964663545541384,582.6160022192895,7.549335732341165,0.0,27.581057375258528,828,2024-04-15,0.30297380737831986,0.396626659502303,0.4271117969539071,0.12611786434935654,0.17003210149463238,-0.037008272726216554,0.5174780084921738,-0.13386619443174805,139.0,nearest,-3.0
station-5,2024-04-19,12.544113806540386,588.2883746698999,7.505421452052506,0.0,24.59978871306722,829,,,,,,,,,,,nearest,
station-5,2024-04-20,9.85371771923551,586.9176917536737,7.517664867667636,0.0,22.102283782080715,830,,,,,,,,,,,nearest,
station-5,2024-04-21,10.07386690599783,602.0869508985687,7.49619090500879,0.0,25.288947593284963,831,,,,,,,,,,,nearest,
station-5,2024-04-22,9.95754427316012,596.2617788163898,7.49862175964536,1.2973516235857985,22.63705222449505,832,2024-04-25,0.3828352414079743,0.33734672327321824,0.39649222845293297,0.15336662048531238,0.017524067318448466,-0.08059739134941181,0.3749237821387602,0.06316253442266186,140.0,nearest,3.0
station-5,2024-04-23,9.506301402204853,588.0285351962777,7.480296943585453,0.0,22.79332796908238,833,2024-04-25,0.3828352414079743,0.33734672327321824,0.39649222845293297,0.15336662048531238,0.017524067318448466,-0.08059739134941181,0.3749237821387602,0.06316253442266186,140.0,nearest,2.0
station-5,2024-04-24,9.239144096013142,585.8502330176783,7.600038771542076,3.088028606875749,29.033845146871247,834,2024-04-25,0.3828352414079743,0.33734672327321824,0.39649222845293297,0.15336662048531238,0.017524067318448466,-0.08059739134941181,0.3749237821387602,0.06316253442266186,140.0,nearest,1.0
station-5,2024-04-25,11.49006181908294,587.3550795994794,7.503848493049785,10.978490177017221,53.90233035612439,835,2024-04-25,0.3828352414079743,0.33734672327321824,0.39649222845293297,0.15336662048531238,0.017524067318448466,-0.08059739134941181,0.3749237821387602,0.06316253442266186,140.0,nearest,0.0
station-5,2024-04-26,10.839683307870477,581.4360331288434,7.488293994196113,0.0,28.427919392451184,836,2024-04-25,0.3828352414079743,0.33734672327321824,0.39649222845293297,0.15336662048531238,0.017524067318448466,-0.08059739134941181,0.3749237821387602,0.06316253442266186,140.0,nearest,-1.0
station-5,2024-04-27,8.403358470940425,592.9471557934255,7.500465368877387,0.0,33.792066184550116,837,2024-04-25,0.3828352414079743,0.33734672327321824,0.39649222845293297,0.15336662048531238,0.017524067318448466,-0.08059739134941181,0.3749237821387602,0.06316253442266186,140.0,nearest,-2.0
station-5,2024-04-28,11.091806383734543,598.2718027931195,7.475410775793365,0.0,30.807998335311122,838,2024-04-30,0.28554179132686863,0.4262879121310483,0.3642214928133184,0.10896772550777971,0.12108979286289519,0.07851446033345791,0.5928385696656319,-0.1977244277956722,141.0,nearest,2.0
station-5,2024-04-29,9.064807160842573,589.1134024863786,7.470974940577121,0.0,27.179724855985466,839,2024-04-30,0.28554179132686863,0.4262879121310483,0.3642214928133184,0.10896772550777971,0.12108979286289519,0.07851446033345791,0.5928385696656319,-0.1977244277956722,141.0,nearest,1.0
station-5,2024-04-30,8.380219212491694,588.0418997619242,7.4571327950802715,0.0,27.179692137407454,840,2024-04-30,0.28554179132686863,0.4262879121310483,0.3642214928133184,0.10896772550777971,0.12108979286289519,0.07851446033345791,0.5928385696656319,-0.1977244277956722,141.0,nearest,0.0
station-5,2024-05-01,8.34595146875627,579.9658451559845,7.424383108210373,0.0,30.1791138600378,841,2024-04-30,0.28554179132686863,0.4262879121310483,0.3642214928133184,0.10896772550777971,0.12108979286289519,0.07851446033345791,0.5928385696656319,-0.1977244277956722,141.0,nearest,-1.0
station-5,2024-05-02,9.319403927695468,582.9478177645071,7.481823256035761,4.4661945072360245,34.14476658589151,842,2024-04-30,0.28554179132686863,0.4262879121310483,0.3642214928133184,0.10896772550777971,0.12108979286289519,0.07851446033345791,0.5928385696656319,-0.1977244277956722,141.0,nearest,-2.0
station-5,2024-05-03,8.849023484539686,595.7630789224347,7.4693402884400975,0.0,30.120455199233557,843,2024-05-05,0.32754627473903397,0.39551172539128415,0.35452551915246544,0.12297904057175274,0.03955484547968743,0.05464556131975923,0.5256268823097232,-0.09399723208926619,142.0,nearest,2.0
station-5,2024-05-04,7.016668001253166,601.2845094009839,7.451960079680789,2.46350500309841,32.342635056859464,844,2024-05-05,0.32754627473903397,0.39551172539128415,0.35452551915246544,0.12297904057175274,0.03955484547968743,0.05464556131975923,0.5256268823097232,-0.09399723208926619,142.0,nearest,1.0
station-5,2024-05-05,9.738015389508652,588.4902671380858,7.463266122519289,0.530492494975404,37.57681967689372,845,2024-05-05,0.32754627473903397,0.39551172539128415,0.35452551915246544,0.12297904057175274,0.03955484547968743,0.05464556131975923,0.5256268823097232,-0.09399723208926619,142.0,nearest,0.0
station-5,2024-05-06,7.63383537186971,586.1252359804631,7.489110011883413,0.0,30.53007457464678,846,2024-05-05,0.32754627473903397,0.39551172539128415,0.35452551915246544,0.12297904057175274,0.03955484547968743,0.05464556131975923,0.5256268823097232,-0.09399723208926619,142.0,nearest,-1.0
station-5,2024-05-07,7.16682724924068,579.21793324499,7.459912277802896,2.9971785473172665,31.847971644783385,847,2024-05-05,0.32754627473903397,0.39551172539128415,0.35452551915246544,0.12297904057175274,0.03955484547968743,0.05464556131975923,0.5256268823097232,-0.09399723208926619,142.0,nearest,-2.0
station-5,2024-05-08,7.327310784872726,582.7863069013821,7.37376057802013,0.0,25.54255138971623,848,2024-05-10,0.29978108102657175,0.4179007847087599,0.36295608705611604,0.10628940238783008,0.09532437453645595,0.07036462076392956,0.5944624489193475,-0.1645850471102033,143.0,nearest,2.0
station-5,2024-05-09,6.316584309418078,585.9937706369085,7.453557662331233,0.0,30.4015024973807,849,2024-05-10,0.29978108102657175,0.4179007847087599,0.36295608705611604,0.10628940238783008,0.09532437453645595,0.07036462076392956,0.5944624489193475,-0.1645850471102033,143.0,nearest,1.0
station-5,2024-05-10,6.859347002032537,577.4182274203833,7.506853556752183,0.0,29.903712475671735,850,2024-05-10,0.29978108102657175,0.4179007847087599,0.36295608705611604,0.10628940238783008,0.09532437453645595,0.07036462076392956,0.5944624489193475,-0.1645850471102033,143.0,nearest,0.0
station-5,2024-05-11,7.351844714058294,576.3214399758491,7.457423455275213,0.0,22.103446538659814,851,2024-05-10,0.29978108102657175,0.4179007847087599,0.36295608705611604,0.10628940238783008,0.09532437453645595,0.07036462076392956,0.5944624489193475,-0.1645850471102033,143.0,nearest,-1.0
station-5,2024-05-12,6.062309576050804,581.4637327299855,7.4633189101487325,1.753527364337596,35.30116332425829,852,2024-05-10,0.29978108102657175,0.4179007847087599,0.36295608705611604,0.10628940238783008,0.09532437453645595,0.07036462076392956,0.5944624489193475,-0.1645850471102033,143.0,nearest,-2.0
station-5,2024-05-13,7.893585531506143,584.2520001963763,7.488676542925344,1.2418498644427949,32.25511183474325,853,2024-05-15,0.2971736151759384,0.4429686766945851,0.3520977230651289,0.12566033442700897,0.08459345831895906,0.1142935403343914,0.5580234846648086,-0.1969824763697618,144.0,nearest,2.0
station-5,2024-05-14,6.6651669649613,583.006248776292,7.421776413276283,0.0,29.469374659144872,854,2024-05-15,0.2971736151759384,0.4429686766945851,0.3520977230651289,0.12566033442700897,0.08459345831895906,0.1142935403343914,0.5580234846648086,-0.1969824763697618,144.0,nearest,1.0
station-5,2024-05-15,7.689981051938299,579.1353337000128,7.47456957203524,0.7059785086410804,29.502409823413487,855,2024-05-15,0.2971736151759384,0.4429686766945851,0.3520977230651289,0.12566033442700897,0.08459345831895906,0.1142935403343914,0.5580234846648086,-0.1969824763697618,144.0,nearest,0.0
station-5,2024-05-16,8.137924700307789,579.6213971751262,7.4414298844894295,0.9529935698857817,32.06345113184187,856,2024-05-15,0.2971736151759384,0.4429686766945851,0.3520977230651289,0.12566033442700897,0.08459345831895906,0.1142935403343914,0.5580234846648086,-0.1969824763697618,144.0,nearest,-1.0
station-5,2024-05-17,7.282311314924016,579.1367413861614,7.424031138170255,3.268042789409,32.07480046642017,857,2024-05-15,0.2971736151759384,0.4429686766945851,0.3520977230651289,0.12566033442700897,0.08459345831895906,0.1142935403343914,0.5580234846648086,-0.1969824763697618,144.0,nearest,-2.0
station-5,2024-05-18,5.600522710457728,577.7531579302621,7.496896976166943,0.0,32.389476845159635,858,2024-05-20,0.34022343737504884,0.4099203104267496,0.33994344836691437,0.13442413850878607,-0.00041164751475521524,0.09331943468292137,0.506106331123052,-0.09291135633128801,145.0,nearest,2.0
station-5,2024-05-19,8.235398126692946,586.3183944785866,7.453010947836134,5.59742584980523,42.174316626630905,859,2024-05-20,0.34022343737504884,0.4099203104267496,0.33994344836691437,0.13442413850878607,-0.00041164751475521524,0.09331943468292137,0.506106331123052,-0.09291135633128801,145.0,nearest,1.0
station-5,2024-05-20,6.4687775283414775,571.8048888615779,7.3633106115847555,0.0,37.09314647005851,860,2024-05-20,0.34022343737504884,0.4099203104267496,0.33994344836691437,0.13442413850878607,-0.00041164751475521524,0.09331943468292137,0.506106331123052,-0.09291135633128801,145.0,nearest,0.0
station-5,2024-05-21,3.754517618349987,575.2154382260695,7.465681199383575,0.8703552226953063,34.3098091818013,861,2024-05-20,0.34022343737504884,0.4099203104267496,0.33994344836691437,0.13442413850878607,-0.00041164751475521524,0.09331943468292137,0.506106331123052,-0.09291135633128801,145.0,nearest,-1.0
station-5,2024-05-22,6.494623388180678,577.3352799725402,7.45118276234128,0.0,27.153943263950634,862,2024-05-20,0.34022343737504884,0.4099203104267496,0.33994344836691437,0.13442413850878607,-0.00041164751475521524,0.09331943468292137,0.506106331123052,-0.09291135633128801,145.0,nearest,-2.0
station-5,2024-05-23,5.288306793842132,575.694160548576,7.461183742206543,0.0,34.69245427902117,863,2024-05-25,0.29075323656734153,0.4378375481168615,0.3386145396489362,0.11621291243948029,0.07604663741975161,0.12779025265220756,0.5804970098832269,-0.2018750643590304,146.0,nearest,2.0
station-5,2024-05-24,5.966333679025422,573.9396748208605,7.489627331034897,0.0,31.36533517730455,864,2024-05-25,0.29075323656734153,0.4378375481168615,0.3386145396489362,0.11621291243948029,0.07604663741975161,0.12779025265220756,0.5804970098832269,-0.2018750643590304,146.0,nearest,1.0
station-5,2024-05-25,5.085383829585632,583.0364531869861,7.424113508496568,0.0,26.76218762289202,865,2024-05-25,0.29075323656734153,0.4378375481168615,0.3386145396489362,0.11621291243948029,0.07604663741975161,0.12779025265220756,0.5804970098832269,-0.2018750643590304,146.0,nearest,0.0
station-5,2024-05-26,6.142725805689626,566.0868714145915,7.360338470713978,0.0,25.27737541076798,866,2024-05-25,0.29075323656734153,0.4378375481168615,0.3386145396489362,0.11621291243948029,0.07604663741975161,0.12779025265220756,0.5804970098832269,-0.2018750643590304,146.0,nearest,-1.0
station-5,2024-05-27,5.692006852611296,582.9359418090753,7.461820739867466,0.8673535306710582,35.187565506553916,867,2024-05-25,0.29075323656734153,0.4378375481168615,0.3386145396489362,0.11621291243948029,0.07604663741975161,0.12779025265220756,0.5804970098832269,-0.2018750643590304,146.0,nearest,-2.0
station-5,2024-05-28,4.248609843532508,569.5716189530052,7.426231202698088,0.0,33.08785241088588,868,2024-05-30,0.2801363554195804,0.42430411335547524,0.3248247177457497,0.10826867548051193,0.07386981461856215,0.13279344150123026,0.5934126648973247,-0.20465570098007957,147.0,nearest,2.0
station-5,2024-05-29,5.307064840755169,566.298693310388,7.461669435663151,0.3207312333562543,29.2077499919183,869,2024-05-30,0.2801363554195804,0.42430411335547524,0.3248247177457497,0.10826867548051193,0.07386981461856215,0.13279344150123026,0.5934126648973247,-0.20465570098007957,147.0,nearest,1.0
station-5,2024-05-30,6.366075419215876,572.7640968813744,7.368575648429075,0.0,26.496309804528668,870,2024-05-30,0.2801363554195804,0.42430411335547524,0.3248247177457497,0.10826867548051193,0.07386981461856215,0.13279344150123026,0.5934126648973247,-0.20465570098007957,147.0,nearest,0.0
station-5,2024-05-31,6.149410957550561,566.0996285044635,7.390911141093513,0.0,27.766658994551577,871,2024-05-30,0.2801363554195804,0.42430411335547524,0.3248247177457497,0.10826867548051193,0.07386981461856215,0.13279344150123026,0.5934126648973247,-0.20465570098007957,147.0,nearest,-1.0
station-5,2024-06-01,5.739932517583438,552.5563957528223,7.360506510688878,5.049291291313361,33.82392414323331,872,2024-05-30,0.2801363554195804,0.42430411335547524,0.3248247177457497,0.10826867548051193,0.07386981461856215,0.13279344150123026,0.5934126648973247,-0.20465570098007957,147.0,nearest,-2.0
station-5,2024-06-02,3.9723708666708646,567.8825960857854,7.43881139758322,0.0,27.86715140030778,873,2024-06-04,0.30977453082662304,0.4082481147887494,0.35187090115478364,0.11208810798394943,0.06362376023982522,0.0741689294063837,0.5691704591055793,-0.13714551283787266,148.0,nearest,2.0
station-5,2024-06-03,4.503999757581455,563.1583327603145,7.483277891523818,0.09197105962552435,21.948402696532618,874,2024-06-04,0.30977453082662304,0.4082481147887494,0.35187090115478364,0.11208810798394943,0.06362376023982522,0.0741689294063837,0.5691704591055793,-0.13714551283787266,148.0,nearest,1.0
station-5,2024-06-04,6.266898121873057,550.1165744894433,7.356489869757121,2.808570734487976,30.87417963666101,875,2024-06-04,0.30977453082662304,0.4082481147887494,0.35187090115478364,0.11208810798394943,0.06362376023982522,0.0741689294063837,0.5691704591055793,-0.13714551283787266,148.0,nearest,0.0
station-5,2024-06-05,5.479331407107722,558.3978553624513,7.356540990981,0.0,22.58623480471623,876,2024-06-04,0.30977453082662304,0.4082481147887494,0.35187090115478364,0.11208810798394943,0.06362376023982522,0.0741689294063837,0.5691704591055793,-0.13714551283787266,148.0,nearest,-1.0
station-5,2024-06-06,4.620025592429574,568.0659009894827,7.404545627996851,0.0,25.805006558088557,877,2024-06-04,0.30977453082662304,0.4082481147887494,0.35187090115478364,0.11208810798394943,0.06362376023982522,0.0741689294063837,0.5691704591055793,-0.13714551283787266,148.0,nearest,-2.0
station-5,2024-06-07,4.625599805052926,546.4787877071283,7.414228594665292,5.515124113365864,36.5586573563566,878,2024-06-09,0.2697652607412151,0.42342844398341506,0.349237008013821,0.10147707750329563,0.1283868432864437,0.09602012847580953,0.613351076148416,-0.22167423361590158,149.0,nearest,2.0
station-5,2024-06-08,3.406491872556044,545.3706426299613,7.406879606457076,0.0,20.77777231057474,879,2024-06-09,0.2697652607412151,0.42342844398341506,0.349237008013821,0.10147707750329563,0.1283868432864437,0.09602012847580953,0.613351076148416,-0.22167423361590158,149.0,nearest,1.0
station-5,2024-06-09,5.153380474606854,558.4309583619221,7.321605981837051,0.0,24.91213602304886,880,2024-06-09,0.2697652607412151,0.42342844398341506,0.349237008013821,0.10147707750329563,0.1283868432864437,0.09602012847580953,0.613351076148416,-0.22167423361590158,149.0,nearest,0.0
station-5,2024-06-10,3.8215636909319866,557.3029407198161,7.462518559478612,0.0,26.0965647075012,881,2024-06-09,0.2697652607412151,0.42342844398341506,0.349237008013821,0.10147707750329563,0.1283868432864437,0.09602012847580953,0.613351076148416,-0.22167423361590158,149.0,nearest,-1.0
station-5,2024-06-11,4.502353727037894,558.8325221844242,7.4385157748952295,0.0,29.818520465167026,882,2024-06-09,0.2697652607412151,0.42342844398341506,0.349237008013821,0.10147707750329563,0.1283868432864437,0.09602012847580953,0.613351076148416,-0.22167423361590158,149.0,nearest,-2.0
station-5,2024-06-12,3.5637702064534262,561.9986903144642,7.394769378042982,0.0,20.17593292263499,883,2024-06-14,0.27712900558291637,0.4378202605294214,0.332566692976634,0.08892294583960032,0.09092681402327936,0.13662428611203123,0.6623669949060402,-0.22475896201739176,150.0,nearest,2.0
station-5,2024-06-13,3.5873670923345435,555.574212790514,7.404236143724068,2.98041463412989,31.777208179593533,884,2024-06-14,0.27712900558291637,0.4378202605294214,0.332566692976634,0.08892294583960032,0.09092681402327936,0.13662428611203123,0.6623669949060402,-0.22475896201739176,150.0,nearest,1.0
station-5,2024-06-14,3.1039142909101867,565.1921693848439,7.401377164033029,0.0,24.613445011517868,885,2024-06-14,0.27712900558291637,0.4378202605294214,0.332566692976634,0.08892294583960032,0.09092681402327936,0.13662428611203123,0.6623669949060402,-0.22475896201739176,150.0,nearest,0.0
station-5,2024-06-15,4.032478719174395,557.1568726254211,7.381437996999903,0.0,25.650463466373907,886,2024-06-14,0.27712900558291637,0.4378202605294214,0.332566692976634,0.08892294583960032,0.09092681402327936,0.13662428611203123,0.6623669949060402,-0.22475896201739176,150.0,nearest,-1.0
station-5,2024-06-16,1.8814747126141225,561.4166585890925,7.448014642945355,0.0,25.89152277172611,887,2024-06-14,0.27712900558291637,0.4378202605294214,0.332566692976634,0.08892294583960032,0.09092681402327936,0.13662428611203123,0.6623669949060402,-0.22475896201739176,150.0,nearest,-2.0
station-5,2024-06-17,3.6446119517823394,573.2886603743791,7.363736616675327,0.0,23.91654417753614,888,2024-06-19,0.25971002105084123,0.4682267575240805,0.30902423776653626,0.08036678418821129,0.08670871492467977,0.20482768207716204,0.7070079099459781,-0.28644896453982094,151.0,nearest,2.0
station-5,2024-06-18,3.2938139578054275,550.2682252046958,7.37356677661878,0.0,19.447097959351844,889,2024-06-19,0.25971002105084123,0.4682267575240805,0.30902423776653626,0.08036678418821129,0.08670871492467977,0.20482768207716204,0.7070079099459781,-0.28644896453982094,151.0,nearest,1.0
station-5,2024-06-19,3.493741170052804,561.4178021730575,7.394159911981639,0.0,18.267367655528204,890,2024-06-19,0.25971002105084123,0.4682267575240805,0.30902423776653626,0.08036678418821129,0.08670871492467977,0.20482768207716204,0.7070079099459781,-0.28644896453982094,151.0,nearest,0.0
station-5,2024-06-20,4.101804647076935,563.1419432405793,7.336721799995243,0.0,20.411686472958994,891,2024-06-19,0.25971002105084123,0.4682267575240805,0.30902423776653626,0.08036678418821129,0.08670871492467977,0.20482768207716204,0.7070079099459781,-0.28644896453982094,151.0,nearest,-1.0
station-5,2024-06-21,3.6005569276443103,550.3830955590773,7.397565471355408,0.0,23.87201304468701,892,2024-06-19,0.25971002105084123,0.4682267575240805,0.30902423776653626,0.08036678418821129,0.08670871492467977,0.20482768207716204,0.7070079099459781,-0.28644896453982094,151.0,nearest,-2.0
station-5,2024-06-22,3.352531754980193,535.6620076467278,7.314524676877216,0.0,18.301605773939748,893,2024-06-24,0.2930131634102791,0.42724885348471525,0.3122548927375059,0.11389003686906618,0.03179042596381237,0.15550152563074862,0.5790728077421747,-0.186370635859875,152.0,nearest,2.0
station-5,2024-06-23,3.371617213120551,540.7392735385465,7.368764630828237,0.0,26.379448823616126,894,2024-06-24,0.2930131634102791,0.42724885348471525,0.3122548927375059,0.11389003686906618,0.03179042596381237,0.15550152563074862,0.5790728077421747,-0.186370635859875,152.0,nearest,1.0
station-5,2024-06-24,2.7439394921727644,553.6840993499119,7.3701843181058955,4.931905178759981,29.954572030750562,895,2024-06-24,0.2930131634102791,0.42724885348471525,0.3122548927375059,0.11389003686906618,0.03179042596381237,0.15550152563074862,0.5790728077421747,-0.186370635859875,152.0,nearest,0.0
station-5,2024-06-25,2.379427172250111,539.1309030791175,7.3702263666601535,0.0,18.124351267698664,896,2024-06-24,0.2930131634102791,0.42724885348471525,0.3122548927375059,0.11389003686906618,0.03179042596381237,0.15550152563074862,0.5790728077421747,-0.186370635859875,152.0,nearest,-1.0
station-5,2024-06-26,3.759054491998747,545.2665163866395,7.387998486986012,0.0,28.635185890041,897,2024-06-24,0.2930131634102791,0.42724885348471525,0.3122548927375059,0.11389003686906618,0.03179042596381237,0.15550152563074862,0.5790728077421747,-0.186370635859875,152.0,nearest,-2.0
station-5,2024-06-27,3.463202232488186,560.4157714113538,7.413894788934913,0.0,18.692067026135458,898,2024-06-24,0.2930131634102791,0.42724885348471525,0.3122548927375059,0.11389003686906618,0.03179042596381237,0.15550152563074862,0.5790728077421747,-0.186370635859875,152.0,nearest,-3.0
station-5,2024-06-28,1.9642375504159817,561.3165363083203,7.334792069856149,2.4463450680404906,21.661620027000325,899,,,,,,,,,,,nearest,
station-6,2024-01-01,21.204564492347963,627.312939217021,7.7537491104338505,0.0,45.43628816944195,900,,,,,,,,,,,nearest,
station-6,2024-01-02,18.859720206536117,631.6647305994807,7.729030446355685,0.0,44.27090091828871,901,,,,,,,,,,,nearest,
station-6,2024-01-03,21.10453898218425,622.6601648741588,7.780105846858251,0.0,45.99048223962144,902,2024-01-06,0.3566506004616296,0.3579178708658346,0.4925031630459944,0.13815576425001774,0.15998582167638836,-0.1582572476612961,0.44300299604612914,-0.0017734765177237152,153.0,nearest,3.0
station-6,2024-01-04,20.48334832762599,633.0939212244439,7.755648046763023,2.5038426192420715,52.706743522309104,903,2024-01-06,0.3566506004616296,0.3579178708658346,0.4925031630459944,0.13815576425001774,0.15998582167638836,-0.1582572476612961,0.44300299604612914,-0.0017734765177237152,153.0,nearest,2.0
station-6,2024-01-05,21.258803917191514,617.5129335670863,7.798990904758708,0.0,41.28972796405622,904,2024-01-06,0.3566506004616296,0.3579178708658346,0.4925031630459944,0.13815576425001774,0.15998582167638836,-0.1582572476612961,0.44300299604612914,-0.0017734765177237152,153.0,nearest,1.0
station-6,2024-01-06,21.12201023492725,627.2305346270414,7.744912610042158,0.0,46.71892069344932,905,2024-01-06,0.3566506004616296,0.3579178708658346,0.4925031630459944,0.13815576425001774,0.15998582167638836,-0.1582572476612961,0.44300299604612914,-0.0017734765177237152,153.0,nearest,0.0
station-6,2024-01-07,20.41866610417563,627.7090340853707,7.702506724860035,0.0,45.27157980232868,906,2024-01-06,0.3566506004616296,0.3579178708658346,0.4925031630459944,0.13815576425001774,0.15998582167638836,-0.1582572476612961,0.44300299604612914,-0.0017734765177237152,153.0,nearest,-1.0
station-6,2024-01-08,21.890376123961907,604.7688930335618,7.764080601038797,0.0,44.120577901484545,907,2024-01-06,0.3566506004616296,0.3579178708658346,0.4925031630459944,0.13815576425001774,0.15998582167638836,-0.1582572476612961,0.44300299604612914,-0.0017734765177237152,153.0,nearest,-2.0
station-6,2024-01-09,20.244401166295674,617.2853475381131,7.781553410354606,14.068794474365355,66.83801023758532,908,2024-01-06,0.3566506004616296,0.3579178708658346,0.4925031630459944,0.13815576425001774,0.15998582167638836,-0.1582572476612961,0.44300299604612914,-0.0017734765177237152,153.0,nearest,-3.0
station-6,2024-01-10,20.862095790994417,623.1960832462115,7.708020290494111,0.0,40.41163182286332,909,,,,,,,,,,,nearest,
station-6,2024-01-11,21.133818670170452,608.6570464904631,7.729223672387046,0.0,40.213899998960564,910,,,,,,,,,,,nearest,
station-6,2024-01-12,20.066174365180746,609.5543793859886,7.725038962940981,0.0,53.91241344273845,911,,,,,,,,,,,nearest,
station-6,2024-01-13,20.137736382620876,613.210560240904,7.727732523988274,0.0,42.50472986429745,912,2024-01-16,0.28343778955016613,0.34274133322076206,0.4955409071778244,0.13228535968145522,0.2722835919885521,-0.1822770024143768,0.44304031054235626,-0.09470699599208873,154.0,nearest,3.0
station-6,2024-01-14,20.266519529073946,636.5140420339796,7.676726246389946,0.0,42.017400086896345,913,2024-01-16,0.28343778955016613,0.34274133322076206,0.4955409071778244,0.13228535968145522,0.2722835919885521,-0.1822770024143768,0.44304031054235626,-0.09470699599208873,154.0,nearest,2.0
station-6,2024-01-15,19.59094029237975,616.7189129496948,7.665680676094394,0.0,43.600770292507995,914,2024-01-16,0.28343778955016613,0.34274133322076206,0.4955409071778244,0.13228535968145522,0.2722835919885521,-0.1822770024143768,0.44304031054235626,-0.09470699599208873,154.0,nearest,1.0
station-6,2024-01-16,20.78291692408526,609.0003584017185,7.666637238283599,0.0,41.70742390792953,915,2024-01-16,0.28343778955016613,0.34274133322076206,0.4955409071778244,0.13228535968145522,0.2722835919885521,-0.1822770024143768,0.44304031054235626,-0.09470699599208873,154.0,nearest,0.0
station-6,2024-01-17,19.241139016003658,613.078226764343,7.703219960050356,0.0,37.65805729912219,916,2024-01-16,0.28343778955016613,0.34274133322076206,0.4955409071778244,0.13228535968145522,0.2722835919885521,-0.1822770024143768,0.44304031054235626,-0.09470699599208873,154.0,nearest,-1.0
station-6,2024-01-18,20.276716497183145,612.9444675538489,7.724838718996002,0.0,39.70569449053567,917,2024-01-16,0.28343778955016613,0.34274133322076206,0.4955409071778244,0.13228535968145522,0.2722835919885521,-0.1822770024143768,0.44304031054235626,-0.09470699599208873,154.0,nearest,-2.0
station-6,2024-01-19,18.937370917441676,607.5514885258752,7.689334321731167,0.30995711824023864,41.09603131021833,918,2024-01-21,0.3018437993372906,0.35537225365183533,0.49453466899723203,0.14271027701349662,0.24195891441278983,-0.1637384184513318,0.4269613237675044,-0.08144727151914286,155.0,nearest,2.0
station-6,2024-01-20,21.800341528574435,615.2575720619503,7.705631669639929,0.0,40.29563568586221,919,2024-01-21,0.3018437993372906,0.35537225365183533,0.49453466899723203,0.14271027701349662,0.24195891441278983,-0.1637384184513318,0.4269613237675044,-0.08144727151914286,155.0,nearest,1.0
station-6,2024-01-21,19.617824194159876,609.8672204404172,7.704392307836827,0.0,41.54820152197465,920,2024-01-21,0.3018437993372906,0.35537225365183533,0.49453466899723203,0.14271027701349662,0.24195891441278983,-0.1637384184513318,0.4269613237675044,-0.08144727151914286,155.0,nearest,0.0
station-6,2024-01-22,18.700083802851378,616.1159101857833,7.632520168103072,0.0,31.929257145599863,921,2024-01-21,0.3018437993372906,0.35537225365183533,0.49453466899723203,0.14271027701349662,0.24195891441278983,-0.1637384184513318,0.4269613237675044,-0.08144727151914286,155.0,nearest,-1.0
station-6,2024-01-23,17.761597739809368,614.02260401289,7.704201565145554,0.0,35.96684832839932,922,2024-01-21,0.3018437993372906,0.35537225365183533,0.49453466899723203,0.14271027701349662,0.24195891441278983,-0.1637384184513318,0.4269613237675044,-0.08144727151914286,155.0,nearest,-2.0
station-6,2024-01-24,18.658453355562436,610.7254734351337,7.746922509023762,0.0,41.44933658297059,923,2024-01-26,0.3694389067149195,0.30516721687692294,0.5125581047099065,0.15906929718759438,0.16226721422081058,-0.25361925619538483,0.31470579168838186,0.09527291198572478,156.0,nearest,2.0
station-6,2024-01-25,17.484619572494452,598.4751410662435,7.7384336310324695,0.0,32.00883367908984,924,2024-01-26,0.3694389067149195,0.30516721687692294,0.5125581047099065,0.15906929718759438,0.16226721422081058,-0.25361925619538483,0.31470579168838186,0.09527291198572478,156.0,nearest,1.0
station-6,2024-01-26,19.293063238142313,611.9838161576774,7.626693818756703,12.150932986837319,57.24114202878825,925,2024-01-26,0.3694389067149195,0.30516721687692294,0.5125581047099065,0.15906929718759438,0.16226721422081058,-0.25361925619538483,0.31470579168838186,0.09527291198572478,156.0,nearest,0.0
station-6,2024-01-27,18.72814847038018,618.0701229542508,7.717608682219021,0.13763234047015893,39.12878170659704,926,2024-01-26,0.3694389067149195,0.30516721687692294,0.5125581047099065,0.15906929718759438,0.16226721422081058,-0.25361925619538483,0.31470579168838186,0.09527291198572478,156.0,nearest,-1.0
station-6,2024-01-28,19.507860720380716,604.3269290926869,7.665260676132785,0.380251885614457,38.92487397184659,927,2024-01-26,0.3694389067149195,0.30516721687692294,0.5125581047099065,0.15906929718759438,0.16226721422081058,-0.25361925619538483,0.31470579168838186,0.09527291198572478,156.0,nearest,-2.0
station-6,2024-01-29,18.419639119025227,611.3503498539092,7.705635142819639,2.640989771468285,32.97217530594532,928,2024-01-26,0.3694389067149195,0.30516721687692294,0.5125581047099065,0.15906929718759438,0.16226721422081058,-0.25361925619538483,0.31470579168838186,0.09527291198572478,156.0,nearest,-3.0
station-6,2024-01-30,18.690489995002007,618.705294805691,7.67948999521904,0.0,30.35890035361837,929,,,,,,,,,,,nearest,
station-6,2024-01-31,19.916672151103846,596.727928223602,7.7435222493739,0.0,34.88503585756784,930,,,,,,,,,,,nearest,
station-6,2024-02-01,18.099219368944798,614.2576960420565,7.716664194498647,0.0,35.02772337070876,931,,,,,,,,,,,nearest,
station-6,2024-02-02,19.040753094713185,596.7325528299453,7.654929768574741,5.642258994127586,49.64911297479578,932,2024-02-05,0.2837543591094925,0.34348957935204644,0.4845568695805169,0.11236167060033063,0.26135568890929517,-0.1703615665646784,0.5070248436871936,-0.0952344320601462,157.0,nearest,3.0
station-6,2024-02-03,17.115073937618952,599.6289451138977,7.666869707542885,0.0,29.542260132882873,933,2024-02-05,0.2837543591094925,0.34348957935204644,0.4845568695805169,0.11236167060033063,0.26135568890929517,-0.1703615665646784,0.5070248436871936,-0.0952344320601462,157.0,nearest,2.0
station-6,2024-02-04,17.994606573473355,597.8230126608414,7.644262576587655,17.0666321178159,70.65049846953987,934,2024-02-05,0.2837543591094925,0.34348957935204644,0.4845568695805169,0.11236167060033063,0.26135568890929517,-0.1703615665646784,0.5070248436871936,-0.0952344320601462,157.0,nearest,1.0
station-6,2024-02-05,18.119748400045985,602.6188790207444,7.634192673179202,0.0,38.352482864580935,935,2024-02-05,0.2837543591094925,0.34348957935204644,0.4845568695805169,0.11236167060033063,0.26135568890929517,-0.1703615665646784,0.5070248436871936,-0.0952344320601462,157.0,nearest,0.0
station-6,2024-02-06,18.064433298410258,607.4198651542262,7.660378724322853,0.0,35.752065297375225,936,2024-02-05,0.2837543591094925,0.34348957935204644,0.4845568695805169,0.11236167060033063,0.26135568890929517,-0.1703615665646784,0.5070248436871936,-0.0952344320601462,157.0,nearest,-1.0
station-6,2024-02-07,18.525873097639497,598.6362827172117,7.682178438031667,0.0,35.96208832357162,937,2024-02-05,0.2837543591094925,0.34348957935204644,0.4845568695805169,0.11236167060033063,0.26135568890929517,-0.1703615665646784,0.5070248436871936,-0.0952344320601462,157.0,nearest,-2.0
station-6,2024-02-08,18.173980975788762,587.8643449615766,7.684808148463076,13.548904972071659,63.228974205000625,938,2024-02-10,0.3182202563839634,0.3556505437652055,0.4810560602723447,0.13303969494605666,0.20372904900971978,-0.1498799171680868,0.45552546620575385,-0.055545198535025535,158.0,nearest,2.0
station-6,2024-02-09,16.93312991757316,607.0122978473149,7.702011895222226,0.0,34.94090190712406,939,2024-02-10,0.3182202563839634,0.3556505437652055,0.4810560602723447,0.13303969494605666,0.20372904900971978,-0.1498799171680868,0.45552546620575385,-0.055545198535025535,158.0,nearest,1.0
station-6,2024-02-10,17.363758688583818,600.1467855326476,7.698644958561133,2.262858426173678,44.2707394644985,940,2024-02-10,0.3182202563839634,0.3556505437652055,0.4810560602723447,0.13303969494605666,0.20372904900971978,-0.1498799171680868,0.45552546620575385,-0.055545198535025535,158.0,nearest,0.0
station-6,2024-02-11,17.838002831064593,602.2274239719826,7.669570051857783,2.4082354678407007,40.92444568857323,941,2024-02-10,0.3182202563839634,0.3556505437652055,0.4810560602723447,0.13303969494605666,0.20372904900971978,-0.1498799171680868,0.45552546620575385,-0.055545198535025535,158.0,nearest,-1.0
station-6,2024-02-12,17.388099408772078,599.3562225505992,7.6391375316104275,0.0,31.350374889980667,942,2024-02-10,0.3182202563839634,0.3556505437652055,0.4810560602723447,0.13303969494605666,0.20372904900971978,-0.1498799171680868,0.45552546620575385,-0.055545198535025535,158.0,nearest,-2.0
station-6,2024-02-13,17.07506246368005,596.7708891052835,7.654010418341849,0.0,28.983041485522936,943,2024-02-15,0.28353753380955843,0.3677923114304726,0.44887661548601027,0.12162297862493794,0.22574534071395796,-0.09928662813423024,0.5029866001482379,-0.12935807906954455,159.0,nearest,2.0
station-6,2024-02-14,17.46294464173081,577.7749133770519,7.650529695085345,0.0,39.05361023704387,944,2024-02-15,0.28353753380955843,0.3677923114304726,0.44887661548601027,0.12162297862493794,0.22574534071395796,-0.09928662813423024,0.5029866001482379,-0.12935807906954455,159.0,nearest,1.0
station-6,2024-02-15,16.21137009151164,592.8740270202844,7.710318752820453,0.0,35.70948929693234,945,2024-02-15,0.28353753380955843,0.3677923114304726,0.44887661548601027,0.12162297862493794,0.22574534071395796,-0.09928662813423024,0.5029866001482379,-0.12935807906954455,159.0,nearest,0.0
station-6,2024-02-16,17.069293326044615,583.9711700425097,7.694119614932409,3.6020391383589585,44.22636272945101,946,2024-02-15,0.28353753380955843,0.3677923114304726,0.44887661548601027,0.12162297862493794,0.22574534071395796,-0.09928662813423024,0.5029866001482379,-0.12935807906954455,159.0,nearest,-1.0
station-6,2024-02-17,16.017434472123135,592.4632184735634,7.678881833997644,0.0,36.1949903811334,947,2024-02-15,0.28353753380955843,0.3677923114304726,0.44887661548601027,0.12162297862493794,0.22574534071395796,-0.09928662813423024,0.5029866001482379,-0.12935807906954455,159.0,nearest,-2.0
station-6,2024-02-18,17.8982652470792,593.401581199662,7.613890584063283,0.0,27.57987145042443,948,2024-02-20,0.3040250522166569,0.36701913003493897,0.45140408947668376,0.11964363105243511,0.19509313200397294,-0.10310675140925227,0.5083098990968219,-0.09387470972017697,160.0,nearest,2.0
station-6,2024-02-19,15.32691503930985,590.3013670334315,7.610697191470215,2.386752447832413,38.599510142934044,949,2024-02-20,0.3040250522166569,0.36701913003493897,0.45140408947668376,0.11964363105243511,0.19509313200397294,-0.10310675140925227,0.5083098990968219,-0.09387470972017697,160.0,nearest,1.0
station-6,2024-02-20,16.733330415941566,597.492387687742,7.6746459513713665,0.0,36.94237767790652,950,2024-02-20,0.3040250522166569,0.36701913003493897,0.45140408947668376,0.11964363105243511,0.19509313200397294,-0.10310675140925227,0.5083098990968219,-0.09387470972017697,160.0,nearest,0.0
station-6,2024-02-21,17.694268396823606,578.3203694057246,7.702117204277491,0.7722018355749779,38.992675172268925,951,2024-02-20,0.3040250522166569,0.36701913003493897,0.45140408947668376,0.11964363105243511,0.19509313200397294,-0.10310675140925227,0.5083098990968219,-0.09387470972017697,160.0,nearest,-1.0
station-6,2024-02-22,15.266548528835187,595.1603366821737,7.651567265541481,0.0,34.09389234011555,952,2024-02-20,0.3040250522166569,0.36701913003493897,0.45140408947668376,0.11964363105243511,0.19509313200397294,-0.10310675140925227,0.5083098990968219,-0.09387470972017697,160.0,nearest,-2.0
station-6,2024-02-23,15.870310464291965,602.9679958947141,7.589128980714328,0.0,35.54138954310478,953,2024-02-25,0.30825465752738535,0.39058082665670824,0.45708374053290707,0.1200830488202248,0.19446180066585025,-0.07845428067930874,0.5296982826205453,-0.11780479239035863,161.0,nearest,2.0
station-6,2024-02-24,16.96819515151421,582.9272076911042,7.661344241637188,0.0,47.684805394446244,954,2024-02-25,0.30825465752738535,0.39058082665670824,0.45708374053290707,0.1200830488202248,0.19446180066585025,-0.07845428067930874,0.5296982826205453,-0.11780479239035863,161.0,nearest,1.0
station-6,2024-02-25,17.487374491847376,584.7159593989168,7.638333997430575,0.0,34.114637198340695,955,2024-02-25,0.30825465752738535,0.39058082665670824,0.45708374053290707,0.1200830488202248,0.19446180066585025,-0.07845428067930874,0.5296982826205453,-0.11780479239035863,161.0,nearest,0.0
station-6,2024-02-26,16.65311924710982,591.6274211537219,7.645166254795023,0.0,37.34425760823829,956,2024-02-25,0.30825465752738535,0.39058082665670824,0.45708374053290707,0.1200830488202248,0.19446180066585025,-0.07845428067930874,0.5296982826205453,-0.11780479239035863,161.0,nearest,-1.0
station-6,2024-02-27,15.123650551812325,591.6344873292295,7.630139669259946,0.0,44.48839400637689,957,2024-02-25,0.30825465752738535,0.39058082665670824,0.45708374053290707,0.1200830488202248,0.19446180066585025,-0.07845428067930874,0.5296982826205453,-0.11780479239035863,161.0,nearest,-2.0
station-6,2024-02-28,14.593438055843393,598.4383216503791,7.551844664861115,0.0,40.02021986227383,958,2024-03-01,0.29977122243682514,0.39602313242326903,0.41639286934686703,0.12112251508565565,0.16284207522829267,-0.02507303755614773,0.5315729111553033,-0.13833384722673928,162.0,nearest,2.0
station-6,2024-02-29,14.908716696552357,594.1095924378355,7.569523311870062,0.0,35.2773704659054,959,2024-03-01,0.29977122243682514,0.39602313242326903,0.41639286934686703,0.12112251508565565,0.16284207522829267,-0.02507303755614773,0.5315729111553033,-0.13833384722673928,162.0,nearest,1.0
station-6,2024-03-01,15.899616934591354,582.7604908936256,7.695607444775999,0.0,34.62942551481363,960,2024-03-01,0.29977122243682514,0.39602313242326903,0.41639286934686703,0.12112251508565565,0.16284207522829267,-0.02507303755614773,0.5315729111553033,-0.13833384722673928,162.0,nearest,0.0
station-6,2024-03-02,16.15349739186148,599.4482934216792,7.6205772303816435,4.666081175044298,50.89550932761627,961,2024-03-01,0.29977122243682514,0.39602313242326903,0.41639286934686703,0.12112251508565565,0.16284207522829267,-0.02507303755614773,0.5315729111553033,-0.13833384722673928,162.0,nearest,-1.0
station-6,2024-03-03,14.541475768072136,586.3902742952156,7.678184970873229,0.0,38.18665527261782,962,2024-03-01,0.29977122243682514,0.39602313242326903,0.41639286934686703,0.12112251508565565,0.16284207522829267,-0.02507303755614773,0.5315729111553033,-0.13833384722673928,162.0,nearest,-2.0
station-6,2024-03-04,14.713356051819554,581.0821888814244,7.561808325565042,0.0,38.85694291533939,963,2024-03-06,0.3328125539069058,0.3555146424264437,0.4394296266291122,0.13736042975796428,0.13806170578276736,-0.10556083925526606,0.44261563422476674,-0.032981536456019304,163.0,nearest,2.0
station-6,2024-03-05,14.644010125487425,589.9071560611795,7.579738757400176,0.0,40.44940030553824,964,2024-03-06,0.3328125539069058,0.3555146424264437,0.4394296266291122,0.13736042975796428,0.13806170578276736,-0.10556083925526606,0.44261563422476674,-0.032981536456019304,163.0,nearest,1.0
station-6,2024-03-06,14.983622153491632,579.033234408734,7.6174823850801365,0.0,42.66433181758412,965,2024-03-06,0.3328125539069058,0.3555146424264437,0.4394296266291122,0.13736042975796428,0.13806170578276736,-0.10556083925526606,0.44261563422476674,-0.032981536456019304,163.0,nearest,0.0
station-6,2024-03-07,12.549002216107635,597.6415042010141,7.593115203370466,0.0,37.702334114554574,966,2024-03-06,0.3328125539069058,0.3555146424264437,0.4394296266291122,0.13736042975796428,0.13806170578276736,-0.10556083925526606,0.44261563422476674,-0.032981536456019304,163.0,nearest,-1.0
station-6,2024-03-08,13.880469632510543,598.8915236038503,7.604387748671995,0.0,42.40179790021456,967,2024-03-06,0.3328125539069058,0.3555146424264437,0.4394296266291122,0.13736042975796428,0.13806170578276736,-0.10556083925526606,0.44261563422476674,-0.032981536456019304,163.0,nearest,-2.0
station-6,2024-03-09,12.776230087961762,601.545781429173,7.608495732672583,0.0,40.44401560401041,968,2024-03-11,0.3151572046652629,0.3645124336882255,0.43642435554361486,0.12566674839081265,0.16134928968274534,-0.08978476556727827,0.4872619932253683,-0.07261649813066019,164.0,nearest,2.0
station-6,2024-03-10,14.716980059156546,591.4789955082275,7.630054710815638,0.0,36.78270014353319,969,2024-03-11,0.3151572046652629,0.3645124336882255,0.43642435554361486,0.12566674839081265,0.16134928968274534,-0.08978476556727827,0.4872619932253683,-0.07261649813066019,164.0,nearest,1.0
station-6,2024-03-11,12.554359693832982,587.1336920545704,7.624343913692677,0.0,38.363180016467126,970,2024-03-11,0.3151572046652629,0.3645124336882255,0.43642435554361486,0.12566674839081265,0.16134928968274534,-0.08978476556727827,0.4872619932253683,-0.07261649813066019,164.0,nearest,0.0
station-6,2024-03-12,14.796389401989368,588.8118477949789,7.596227194215442,0.0,45.51935183984717,971,2024-03-11,0.3151572046652629,0.3645124336882255,0.43642435554361486,0.12566674839081265,0.16134928968274534,-0.08978476556727827,0.4872619932253683,-0.07261649813066019,164.0,nearest,-1.0
station-6,2024-03-13,12.850742873199787,590.5682009238633,7.526609491508377,0.0,43.45669578575826,972,2024-03-11,0.3151572046652629,0.3645124336882255,0.43642435554361486,0.12566674839081265,0.16134928968274534,-0.08978476556727827,0.4872619932253683,-0.07261649813066019,164.0,nearest,-2.0
station-6,2024-03-14,12.549122837003361,581.2020658233672,7.518455910211973,0.0,41.451155580137815,973,2024-03-16,0.31875585094023234,0.3689974210456791,0.43861347751814145,0.1317771345324894,0.15825518947523193,-0.08619999630547456,0.47370674861726425,-0.07305173548701921,165.0,nearest,2.0
station-6,2024-03-15,14.33410109168111,602.0114957245476,7.551597070386947,0.0,38.384813716846146,974,2024-03-16,0.31875585094023234,0.3689974210456791,0.43861347751814145,0.1317771345324894,0.15825518947523193,-0.08619999630547456,0.47370674861726425,-0.07305173548701921,165.0,nearest,1.0
station-6,2024-03-16,12.746312257007942,592.8535197125437,7.597173646746656,0.0,39.15169201891285,975,2024-03-16,0.31875585094023234,0.3689974210456791,0.43861347751814145,0.1317771345324894,0.15825518947523193,-0.08619999630547456,0.47370674861726425,-0.07305173548701921,165.0,nearest,0.0
station-6,2024-03-17,13.282866313262035,599.4687649089401,7.633243389786442,0.0,41.24927650843306,976,2024-03-16,0.31875585094023234,0.3689974210456791,0.43861347751814145,0.1317771345324894,0.15825518947523193,-0.08619999630547456,0.47370674861726425,-0.07305173548701921,165.0,nearest,-1.0
station-6,2024-03-18,12.391046458903288,591.76927146696,7.591591347587232,0.0,38.72229766158528,977,2024-03-16,0.31875585094023234,0.3689974210456791,0.43861347751814145,0.1317771345324894,0.15825518947523193,-0.08619999630547456,0.47370674861726425,-0.07305173548701921,165.0,nearest,-2.0
station-6,2024-03-19,13.58905249939978,597.3866791229058,7.513743794585121,2.9715706015642622,35.40171755288686,978,2024-03-21,0.383799178996512,0.3337032925701096,0.44084522891219124,0.1603786698921664,0.06917654369396371,-0.13832824331913712,0.35080135654856426,0.06981981026075237,166.0,nearest,2.0
station-6,2024-03-20,12.998414712361772,603.0860701321843,7.565857642733392,0.0,33.41568662239231,979,2024-03-21,0.383799178996512,0.3337032925701096,0.44084522891219124,0.1603786698921664,0.06917654369396371,-0.13832824331913712,0.35080135654856426,0.06981981026075237,166.0,nearest,1.0
station-6,2024-03-21,11.69117918624558,600.3329887650706,7.529734858238729,7.5168982094459675,53.361728302355445,980,2024-03-21,0.383799178996512,0.3337032925701096,0.44084522891219124,0.1603786698921664,0.06917654369396371,-0.13832824331913712,0.35080135654856426,0.06981981026075237,166.0,nearest,0.0
station-6,2024-03-22,10.848447052312062,589.2010362928161,7.509227334639676,0.0,39.050923672688135,981,2024-03-21,0.383799178996512,0.3337032925701096,0.44084522891219124,0.1603786698921664,0.06917654369396371,-0.13832824331913712,0.35080135654856426,0.06981981026075237,166.0,nearest,-1.0
station-6,2024-03-23,11.147096973885462,589.9670542229854,7.5406075361448455,0.0,39.15627677485355,982,2024-03-21,0.383799178996512,0.3337032925701096,0.44084522891219124,0.1603786698921664,0.06917654369396371,-0.13832824331913712,0.35080135654856426,0.06981981026075237,166.0,nearest,-2.0
station-6,2024-03-24,10.288214795062093,596.9516742373354,7.5519264576108664,0.0,38.83879762198281,983,2024-03-26,0.30418912333045983,0.3747107269539411,0.39848674285125807,0.11454384497501915,0.1341978913168082,-0.030750250519194222,0.5317617798709056,-0.10387629868225592,167.0,nearest,2.0
station-6,2024-03-25,11.253647928028915,607.6565549909848,7.533994536756087,0.0,35.64648532922959,984,2024-03-26,0.30418912333045983,0.3747107269539411,0.39848674285125807,0.11454384497501915,0.1341978913168082,-0.030750250519194222,0.5317617798709056,-0.10387629868225592,167.0,nearest,1.0
station-6,2024-03-26,11.573132824733689,603.2005127121641,7.550335665182724,0.0,38.123665111937356,985,2024-03-26,0.30418912333045983,0.3747107269539411,0.39848674285125807,0.11454384497501915,0.1341978913168082,-0.030750250519194222,0.5317617798709056,-0.10387629868225592,167.0,nearest,0.0
station-6,2024-03-27,9.820289028594697,601.4444554428634,7.551574202674799,6.577939044432705,45.25789959770752,986,2024-03-26,0.30418912333045983,0.3747107269539411,0.39848674285125807,0.11454384497501915,0.1341978913168082,-0.030750250519194222,0.5317617798709056,-0.10387629868225592,167.0,nearest,-1.0
station-6,2024-03-28,9.825984467722922,608.0406058822116,7.641822789318071,0.9732287514905296,40.9968778040619,987,2024-03-26,0.30418912333045983,0.3747107269539411,0.39848674285125807,0.11454384497501915,0.1341978913168082,-0.030750250519194222,0.5317617798709056,-0.10387629868225592,167.0,nearest,-2.0
station-6,2024-03-29,10.674680875537984,598.0750212691502,7.53598646161657,0.0,32.16241844164031,988,2024-03-26,0.30418912333045983,0.3747107269539411,0.39848674285125807,0.11454384497501915,0.1341978913168082,-0.030750250519194222,0.5317617798709056,-0.10387629868225592,167.0,nearest,-3.0
station-6,2024-03-30,11.624391084022816,612.3620546313684,7.510910025721347,0.0,33.710046566970234,989,,,,,,,,,,,nearest,
station-6,2024-03-31,9.635285270782411,590.5764887623601,7.553605296029706,0.0,31.77432932512935,990,,,,,,,,,,,nearest,
station-6,2024-04-01,10.217020718728284,605.2100608630772,7.497854505960199,0.0,28.070958332524956,991,,,,,,,,,,,nearest,
station-6,2024-04-02,11.257450957486764,610.1640587557316,7.450834901236819,5.807944066055251,36.942086467727954,992,2024-04-05,0.34808057216193755,0.36072168832706053,0.4084523615171053,0.1372051349242857,0.0798006096860554,-0.0620544507445551,0.4488943815945961,-0.017834474958364207,168.0,nearest,3.0
station-6,2024-04-03,9.18437805678564,605.5650735311513,7.526067135243866,0.0,31.299166541971967,993,2024-04-05,0.34808057216193755,0.36072168832706053,0.4084523615171053,0.1372051349242857,0.0798006096860554,-0.0620544507445551,0.4488943815945961,-0.017834474958364207,168.0,nearest,2.0
station-6,2024-04-04,9.838369516480828,615.5937058072784,7.558819300649143,0.0,27.740592024815665,994,2024-04-05,0.34808057216193755,0.36072168832706053,0.4084523615171053,0.1372051349242857,0.0798006096860554,-0.0620544507445551,0.4488943815945961,-0.017834474958364207,168.0,nearest,1.0
station-6,2024-04-05,9.907659016553682,607.5199925338871,7.51292577787067,4.725465572829257,43.45577937742287,995,2024-04-05,0.34808057216193755,0.36072168832706053,0.4084523615171053,0.1372051349242857,0.0798006096860554,-0.0620544507445551,0.4488943815945961,-0.017834474958364207,168.0,nearest,0.0
station-6,2024-04-06,10.204923850263254,611.1311647311154,7.533946749291655,0.0,29.313420857723518,996,2024-04-05,0.34808057216193755,0.36072168832706053,0.4084523615171053,0.1372051349242857,0.0798006096860554,-0.0620544507445551,0.4488943815945961,-0.017834474958364207,168.0,nearest,-1.0
station-6,2024-04-07,10.840649623330506,621.859793776415,7.488147917579514,0.0,32.20117628414262,997,2024-04-05,0.34808057216193755,0.36072168832706053,0.4084523615171053,0.1372051349242857,0.0798006096860554,-0.0620544507445551,0.4488943815945961,-0.017834474958364207,168.0,nearest,-2.0
station-6,2024-04-08,7.7551418639428515,624.6360612097452,7.4182144326885515,0.0,29.89203162483609,998,2024-04-10,0.3704193555821664,0.3734053718410753,0.41693294413277016,0.15515548836925497,0.05907595439480418,-0.05507460718016776,0.4129134408192316,-0.004014408433628027,169.0,nearest,2.0
station-6,2024-04-09,8.748696185637789,610.2085469815855,7.562779582595027,0.0,25.88248714032722,999,2024-04-10,0.3704193555821664,0.3734053718410753,0.41693294413277016,0.15515548836925497,0.05907595439480418,-0.05507460718016776,0.4129134408192316,-0.004014408433628027,169.0,nearest,1.0
station-6,2024-04-10,8.682074448806766,612.3378567973078,7.4948593460781865,11.03629941783646,46.65780992846856,1000,2024-04-10,0.3704193555821664,0.3734053718410753,0.41693294413277016,0.15515548836925497,0.05907595439480418,-0.05507460718016776,0.4129134408192316,-0.004014408433628027,169.0,nearest,0.0
station-6,2024-04-11,10.090687348876978,610.4648254405967,7.494920789465163,2.0539183886703265,34.542518604841156,1001,2024-04-10,0.3704193555821664,0.3734053718410753,0.41693294413277016,0.15515548836925497,0.05907595439480418,-0.05507460718016776,0.4129134408192316,-0.004014408433628027,169.0,nearest,-1.0
station-6,2024-04-12,8.67122837292901,619.683009625714,7.476784573177272,0.0,22.95278398318394,1002,2024-04-10,0.3704193555821664,0.3734053718410753,0.41693294413277016,0.15515548836925497,0.05907595439480418,-0.05507460718016776,0.4129134408192316,-0.004014408433628027,169.0,nearest,-2.0
station-6,2024-04-13,9.049209903899554,615.1730045048005,7.454265264167086,4.871204312249693,36.1092720511068,1003,2024-04-10,0.3704193555821664,0.3734053718410753,0.41693294413277016,0.15515548836925497,0.05907595439480418,-0.05507460718016776,0.4129134408192316,-0.004014408433628027,169.0,nearest,-3.0
station-6,2024-04-14,8.552236835131142,614.0595634715293,7.497515001194491,7.636457000414671,46.68602814113137,1004,,,,,,,,,,,nearest,
station-6,2024-04-15,8.131717396688634,613.6181721958227,7.531472821666844,0.0,25.861877853889368,1005,,,,,,,,,,,nearest,
station-6,2024-04-16,8.040458931624396,628.4889997559893,7.51772927679044,1.6899262406305837,38.6727487552289,1006,,,,,,,,,,,nearest,
station-6,2024-04-17,6.967149348117044,637.4718887304801,7.453673608468453,0.0,25.84115624963293,1007,2024-04-20,0.3166780079239871,0.4125881321476307,0.3718731654640882,0.12454387421449685,0.0801613005297901,0.05190181696343541,0.5362634408699489,-0.13151594315653364,170.0,nearest,3.0
station-6,2024-04-18,7.121246814904594,614.5772931397493,7.533254532953105,4.2754271464333,36.90803796298128,1008,2024-04-20,0.3166780079239871,0.4125881321476307,0.3718731654640882,0.12454387421449685,0.0801613005297901,0.05190181696343541,0.5362634408699489,-0.13151594315653364,170.0,nearest,2.0
station-6,2024-04-19,7.4522244099470285,626.3293928706988,7.493313365653643,0.0,26.41862794184793,1009,2024-04-20,0.3166780079239871,0.4125881321476307,0.3718731654640882,0.12454387421449685,0.0801613005297901,0.05190181696343541,0.5362634408699489,-0.13151594315653364,170.0,nearest,1.0
station-6,2024-04-20,8.617769753507798,629.8534867688745,7.481964556235054,2.1694487614240536,36.58642452992162,1010,2024-04-20,0.3166780079239871,0.4125881321476307,0.3718731654640882,0.12454387421449685,0.0801613005297901,0.05190181696343541,0.5362634408699489,-0.13151594315653364,170.0,nearest,0.0
station-6,2024-04-21,8.637986042891722,614.2615350242429,7.46480475070493,0.0,22.27917676565698,1011,2024-04-20,0.3166780079239871,0.4125881321476307,0.3718731654640882,0.12454387421449685,0.0801613005297901,0.05190181696343541,0.5362634408699489,-0.13151594315653364,170.0,nearest,-1.0
station-6,2024-04-22,7.753454083588014,632.043734019974,7.412509351295366,0.0,24.594378759818365,1012,2024-04-20,0.3166780079239871,0.4125881321476307,0.3718731654640882,0.12454387421449685,0.0801613005297901,0.05190181696343541,0.5362634408699489,-0.13151594315653364,170.0,nearest,-2.0
station-6,2024-04-23,6.61975566439538,624.5395607421201,7.516374988066474,3.344278982679141,36.31157479214236,1013,2024-04-25,0.2693291196555578,0.3929132799435841,0.331141508943395,0.1071203966007584,0.10293990470784707,0.08531366955689224,0.5715472712116059,-0.1866146902747881,171.0,nearest,2.0
station-6,2024-04-24,6.3847617409643,614.6341046412216,7.509335252352042,0.0,26.862763412125286,1014,2024-04-25,0.2693291196555578,0.3929132799435841,0.331141508943395,0.1071203966007584,0.10293990470784707,0.08531366955689224,0.5715472712116059,-0.1866146902747881,171.0,nearest,1.0
station-6,2024-04-25,6.317943773594502,632.6268953698952,7.499664742750602,0.0,31.165741404181016,1015,2024-04-25,0.2693291196555578,0.3929132799435841,0.331141508943395,0.1071203966007584,0.10293990470784707,0.08531366955689224,0.5715472712116059,-0.1866146902747881,171.0,nearest,0.0
station-6,2024-04-26,5.241160532550261,623.3036369664031,7.460407647492038,0.0,26.483543626255585,1016,2024-04-25,0.2693291196555578,0.3929132799435841,0.331141508943395,0.1071203966007584,0.10293990470784707,0.08531366955689224,0.5715472712116059,-0.1866146902747881,171.0,nearest,-1.0
station-6,2024-04-27,6.308089502877204,625.1419830880592,7.39810032341614,0.0,30.303334846813698,1017,2024-04-25,0.2693291196555578,0.3929132799435841,0.331141508943395,0.1071203966007584,0.10293990470784707,0.08531366955689224,0.5715472712116059,-0.1866146902747881,171.0,nearest,-2.0
station-6,2024-04-28,7.60029093405109,622.3541226691354,7.40361343992627,0.0,33.18727631984356,1018,2024-04-30,0.39356553148530515,0.3509836383893062,0.35157602019307427,0.1558522355697106,-0.05635105329672253,-0.0008431765139538275,0.3849991937140861,0.057191512419750776,172.0,nearest,2.0
station-6,2024-04-29,6.3912859362753185,618.6567044818001,7.416077926433287,0.0,27.74035462952896,1019,2024-04-30,0.39356553148530515,0.3509836383893062,0.35157602019307427,0.1558522355697106,-0.05635105329672253,-0.0008431765139538275,0.3849991937140861,0.057191512419750776,172.0,nearest,1.0
station-6,2024-04-30,6.238308629275885,616.4011204009096,7.383264616651656,8.338934456951517,50.83793800001174,1020,2024-04-30,0.39356553148530515,0.3509836383893062,0.35157602019307427,0.1558522355697106,-0.05635105329672253,-0.0008431765139538275,0.3849991937140861,0.057191512419750776,172.0,nearest,0.0
station-6,2024-05-01,7.12341419781371,624.8527755388812,7.455286566706448,0.0,34.058553750071844,1021,2024-04-30,0.39356553148530515,0.3509836383893062,0.35157602019307427,0.1558522355697106,-0.05635105329672253,-0.0008431765139538275,0.3849991937140861,0.057191512419750776,172.0,nearest,-1.0
station-6,2024-05-02,5.018269674161626,627.0250039564276,7.423813793731487,2.808062635343893,41.230370279807964,1022,2024-04-30,0.39356553148530515,0.3509836383893062,0.35157602019307427,0.1558522355697106,-0.05635105329672253,-0.0008431765139538275,0.3849991937140861,0.057191512419750776,172.0,nearest,-2.0
station-6,2024-05-03,5.562261905903777,618.6153006393787,7.390369143316742,1.781949397831823,34.52067484833439,1023,2024-05-05,0.3042752670534111,0.40190261229476854,0.34583838205252887,0.10862376992517646,0.06393207565519791,0.07497814171761184,0.5744636371078697,-0.13824752671588914,173.0,nearest,2.0
station-6,2024-05-04,5.496436163719054,627.9246493426629,7.403443161554258,6.8100893455266345,48.35411583463442,1024,2024-05-05,0.3042752670534111,0.40190261229476854,0.34583838205252887,0.10862376992517646,0.06393207565519791,0.07497814171761184,0.5744636371078697,-0.13824752671588914,173.0,nearest,1.0
station-6,2024-05-05,5.297059011489237,636.917266753032,7.3964706578603225,0.0,33.312742461213716,1025,2024-05-05,0.3042752670534111,0.40190261229476854,0.34583838205252887,0.10862376992517646,0.06393207565519791,0.07497814171761184,0.5744636371078697,-0.13824752671588914,173.0,nearest,0.0
station-6,2024-05-06,6.223478847327956,627.9194119003854,7.480342699087009,0.3680395372173778,31.87446635977451,1026,2024-05-05,0.3042752670534111,0.40190261229476854,0.34583838205252887,0.10862376992517646,0.06393207565519791,0.07497814171761184,0.5744636371078697,-0.13824752671588914,173.0,nearest,-1.0
station-6,2024-05-07,4.279646508898425,627.5658504453295,7.415719182239309,0.0,35.23743537508392,1027,2024-05-05,0.3042752670534111,0.40190261229476854,0.34583838205252887,0.10862376992517646,0.06393207565519791,0.07497814171761184,0.5744636371078697,-0.13824752671588914,173.0,nearest,-2.0
station-6,2024-05-08,4.311809326676386,623.1495465661294,7.408543716905089,0.0,36.631394442128176,1028,2024-05-10,0.31499826603778336,0.3999452842757308,0.347637356683274,0.11731698861454556,0.049256468451637066,0.06996942508637677,0.5463926338218318,-0.11881639914185783,174.0,nearest,2.0
station-6,2024-05-09,4.173415293894832,629.4569257275766,7.374881093366456,0.0,30.79577284456199,1029,2024-05-10,0.31499826603778336,0.3999452842757308,0.347637356683274,0.11731698861454556,0.049256468451637066,0.06996942508637677,0.5463926338218318,-0.11881639914185783,174.0,nearest,1.0
station-6,2024-05-10,6.286664634392548,604.9289249211523,7.459977183026026,0.0,34.291295857073415,1030,2024-05-10,0.31499826603778336,0.3999452842757308,0.347637356683274,0.11731698861454556,0.049256468451637066,0.06996942508637677,0.5463926338218318,-0.11881639914185783,174.0,nearest,0.0
station-6,2024-05-11,5.605430079352094,614.8731262540961,7.438100002027841,0.0,33.897948575536105,1031,2024-05-10,0.31499826603778336,0.3999452842757308,0.347637356683274,0.11731698861454556,0.049256468451637066,0.06996942508637677,0.5463926338218318,-0.11881639914185783,174.0,nearest,-1.0
station-6,2024-05-12,5.243622541493422,625.471669770348,7.427627748023504,0.0,38.274052497471914,1032,2024-05-10,0.31499826603778336,0.3999452842757308,0.347637356683274,0.11731698861454556,0.049256468451637066,0.06996942508637677,0.5463926338218318,-0.11881639914185783,174.0,nearest,-2.0
station-6,2024-05-13,4.042713933140876,624.5160905411016,7.403253663655225,2.9045236877960603,40.3691632005242,1033,2024-05-10,0.31499826603778336,0.3999452842757308,0.347637356683274,0.11731698861454556,0.049256468451637066,0.06996942508637677,0.5463926338218318,-0.11881639914185783,174.0,nearest,-3.0
station-6,2024-05-14,5.261723995614399,614.3160116178979,7.438499181809384,9.75385212137544,49.30619976950527,1034,,,,,,,,,,,nearest,
station-6,2024-05-15,5.353221220782716,610.7404899970936,7.4064177185625475,0.0,41.76603541751052,1035,,,,,,,,,,,nearest,
station-6,2024-05-16,5.845978887805525,619.9423391206833,7.44290745784763,0.0,35.9409806452407,1036,,,,,,,,,,,nearest,
station-6,2024-05-17,5.434824866448646,609.1270441607206,7.361094902646334,0.5914049312791694,37.54653807322373,1037,2024-05-20,0.330158691921502,0.3646710065080892,0.3793701796886267,0.1396594957753795,0.06935797785853227,-0.019755859558897044,0.44615883773422377,-0.049670177691871396,175.0,nearest,3.0
station-6,2024-05-18,4.136143564374329,617.7401026493974,7.472377284909675,2.437611970136043,35.12809327240775,1038,2024-05-20,0.330158691921502,0.3646710065080892,0.3793701796886267,0.1396594957753795,0.06935797785853227,-0.019755859558897044,0.44615883773422377,-0.049670177691871396,175.0,nearest,2.0
station-6,2024-05-19,4.498357267881671,610.2986396981763,7.399446543692097,0.0,38.68258126709606,1039,2024-05-20,0.330158691921502,0.3646710065080892,0.3793701796886267,0.1396594957753795,0.06935797785853227,-0.019755859558897044,0.44615883773422377,-0.049670177691871396,175.0,nearest,1.0
station-6,2024-05-20,3.160657957665002,623.2429617455143,7.425981406994213,0.0,40.53571929100112,1040,2024-05-20,0.330158691921502,0.3646710065080892,0.3793701796886267,0.1396594957753795,0.06935797785853227,-0.019755859558897044,0.44615883773422377,-0.049670177691871396,175.0,nearest,0.0
station-6,2024-05-21,4.777994146036907,611.452343485966,7.440870735367907,2.3591852010329153,37.024215876904606,1041,2024-05-20,0.330158691921502,0.3646710065080892,0.3793701796886267,0.1396594957753795,0.06935797785853227,-0.019755859558897044,0.44615883773422377,-0.049670177691871396,175.0,nearest,-1.0
station-6,2024-05-22,2.9863941696037184,607.9749844215655,7.432969714740061,7.835424887100288,48.79963117334607,1042,2024-05-20,0.330158691921502,0.3646710065080892,0.3793701796886267,0.1396594957753795,0.06935797785853227,-0.019755859558897044,0.44615883773422377,-0.049670177691871396,175.0,nearest,-2.0
station-6,2024-05-23,3.0876352584064173,604.9225358309463,7.438019134665844,4.580451976615271,38.620804674399494,1043,2024-05-25,0.31631492284534474,0.4103870661873423,0.3128395852987936,0.12337387259439886,-0.005523822052555278,0.1348781612072805,0.5377186165927089,-0.12945078555133305,176.0,nearest,2.0
station-6,2024-05-24,4.1721691146318305,608.7915068811404,7.3611330689875185,0.0,39.66637155541925,1044,2024-05-25,0.31631492284534474,0.4103870661873423,0.3128395852987936,0.12337387259439886,-0.005523822052555278,0.1348781612072805,0.5377186165927089,-0.12945078555133305,176.0,nearest,1.0
station-6,2024-05-25,1.9423080926532605,613.7740580749547,7.397628906568705,0.0,32.603663645321376,1045,2024-05-25,0.31631492284534474,0.4103870661873423,0.3128395852987936,0.12337387259439886,-0.005523822052555278,0.1348781612072805,0.5377186165927089,-0.12945078555133305,176.0,nearest,0.0
station-6,2024-05-26,3.7931444003481785,600.2336790001743,7.359735660738427,3.6510985887033955,42.41446456709032,1046,2024-05-25,0.31631492284534474,0.4103870661873423,0.3128395852987936,0.12337387259439886,-0.005523822052555278,0.1348781612072805,0.5377186165927089,-0.12945078555133305,176.0,nearest,-1.0
station-6,2024-05-27,1.5313354100940924,605.5094420686138,7.428906481517227,0.0,32.75956263180774,1047,2024-05-25,0.31631492284534474,0.4103870661873423,0.3128395852987936,0.12337387259439886,-0.005523822052555278,0.1348781612072805,0.5377186165927089,-0.12945078555133305,176.0,nearest,-2.0
station-6,2024-05-28,1.741041485622502,608.5756260715503,7.387986024936196,3.4917730186213243,38.711849094433184,1048,2024-05-30,0.269628328800345,0.44930740742101555,0.30785322033841805,0.08721557947310878,0.06619240319466554,0.18682189999919088,0.6748859541769471,-0.2499236991125829,177.0,nearest,2.0
station-6,2024-05-29,3.198559328881519,611.189025743708,7.3706384091297,0.0,31.927491829355933,1049,2024-05-30,0.269628328800345,0.44930740742101555,0.30785322033841805,0.08721557947310878,0.06619240319466554,0.18682189999919088,0.6748859541769471,-0.2499236991125829,177.0,nearest,1.0
station-6,2024-05-30,4.660969093343635,598.3118697085448,7.429189997770076,0.0,24.02202083539583,1050,2024-05-30,0.269628328800345,0.44930740742101555,0.30785322033841805,0.08721557947310878,0.06619240319466554,0.18682189999919088,0.6748859541769471,-0.2499236991125829,177.0,nearest,0.0
station-6,2024-05-31,3.155195079644927,605.174407160211,7.357534943423459,0.0,29.642885830274224,1051,2024-05-30,0.269628328800345,0.44930740742101555,0.30785322033841805,0.08721557947310878,0.06619240319466554,0.18682189999919088,0.6748859541769471,-0.2499236991125829,177.0,nearest,-1.0
station-6,2024-06-01,2.1414623079285597,609.9189085535642,7.349869179548685,0.0,31.342257331989707,1052,2024-05-30,0.269628328800345,0.44930740742101555,0.30785322033841805,0.08721557947310878,0.06619240319466554,0.18682189999919088,0.6748859541769471,-0.2499236991125829,177.0,nearest,-2.0
station-6,2024-06-02,4.232475036675419,597.3332012772739,7.419565483359918,0.0,27.161990798100724,1053,2024-06-04,0.3451685296883888,0.4256481619011599,0.3388285243755616,0.1251965710338156,-0.00926905353635402,0.1135674103397991,0.5454378936628793,-0.10440826345730667,178.0,nearest,2.0
station-6,2024-06-03,4.838801296266988,600.276166981912,7.3680327010057285,0.0,34.6298990164144,1054,2024-06-04,0.3451685296883888,0.4256481619011599,0.3388285243755616,0.1251965710338156,-0.00926905353635402,0.1135674103397991,0.5454378936628793,-0.10440826345730667,178.0,nearest,1.0
station-6,2024-06-04,3.104604981507744,602.5496997759335,7.345017809327409,3.0117432243827063,33.814142250160806,1055,2024-06-04,0.3451685296883888,0.4256481619011599,0.3388285243755616,0.1251965710338156,-0.00926905353635402,0.1135674103397991,0.5454378936628793,-0.10440826345730667,178.0,nearest,0.0
station-6,2024-06-05,2.684094361886545,604.2776569138077,7.356955883201533,0.0,31.457085221496467,1056,2024-06-04,0.3451685296883888,0.4256481619011599,0.3388285243755616,0.1251965710338156,-0.00926905353635402,0.1135674103397991,0.5454378936628793,-0.10440826345730667,178.0,nearest,-1.0
station-6,2024-06-06,2.879398071196616,602.6729797514621,7.376650800583147,2.589602160034145,41.796472970276255,1057,2024-06-04,0.3451685296883888,0.4256481619011599,0.3388285243755616,0.1251965710338156,-0.00926905353635402,0.1135674103397991,0.5454378936628793,-0.10440826345730667,178.0,nearest,-2.0
station-6,2024-06-07,3.913975358407059,581.5484635858231,7.390347778364028,7.367213498038608,41.456775426372516,1058,2024-06-09,0.26081717626537637,0.41966726143530736,0.32616376946206915,0.10664785721296156,0.11132660041580864,0.12536819748668238,0.5947376260561754,-0.2334367641186269,179.0,nearest,2.0
station-6,2024-06-08,4.138979306893785,586.503021534825,7.368151089796943,1.299610394857749,36.04260107754721,1059,2024-06-09,0.26081717626537637,0.41966726143530736,0.32616376946206915,0.10664785721296156,0.11132660041580864,0.12536819748668238,0.5947376260561754,-0.2334367641186269,179.0,nearest,1.0
station-6,2024-06-09,2.766173085407973,608.4762040119989,7.28005092634481,0.0,26.603798213615605,1060,2024-06-09,0.26081717626537637,0.41966726143530736,0.32616376946206915,0.10664785721296156,0.11132660041580864,0.12536819748668238,0.5947376260561754,-0.2334367641186269,179.0,nearest,0.0
station-6,2024-06-10,3.510914228285395,594.9812599740235,7.381893392140054,0.20822567312845303,31.043817727600267,1061,2024-06-09,0.26081717626537637,0.41966726143530736,0.32616376946206915,0.10664785721296156,0.11132660041580864,0.12536819748668238,0.5947376260561754,-0.2334367641186269,179.0,nearest,-1.0
station-6,2024-06-11,3.399755878137734,596.1550540324145,7.392652378500616,0.0,25.852580869858027,1062,2024-06-09,0.26081717626537637,0.41966726143530736,0.32616376946206915,0.10664785721296156,0.11132660041580864,0.12536819748668238,0.5947376260561754,-0.2334367641186269,179.0,nearest,-2.0
station-6,2024-06-12,5.31508805836012,588.288071785691,7.374673723854341,4.694494268937532,36.649000723396426,1063,2024-06-09,0.26081717626537637,0.41966726143530736,0.32616376946206915,0.10664785721296156,0.11132660041580864,0.12536819748668238,0.5947376260561754,-0.2334367641186269,179.0,nearest,-3.0
station-6,2024-06-13,3.0269787506900636,603.4176354452147,7.371471061246358,4.6131151087457125,37.89570367619049,1064,,,,,,,,,,,nearest,
station-6,2024-06-14,2.992192591513273,582.6520115594251,7.3526832137748075,0.0,27.03658903970653,1065,,,,,,,,,,,nearest,
station-6,2024-06-15,3.1045022325874077,597.4569480369274,7.3868499660483975,1.5681268891358744,30.19341197724851,1066,,,,,,,,,,,nearest,
station-6,2024-06-16,5.065468927859847,586.4670133255925,7.3843385606847365,0.0,26.894298125151835,1067,2024-06-19,0.29967220137413103,0.4125763735913554,0.33379056004739593,0.0998481459445424,0.05386008578736553,0.10555908895890685,0.6102913028635916,-0.15851793346542728,180.0,nearest,3.0
station-6,2024-06-17,2.825916759488098,591.731317535403,7.418145100610054,0.0,21.31533439843601,1068,2024-06-19,0.29967220137413103,0.4125763735913554,0.33379056004739593,0.0998481459445424,0.05386008578736553,0.10555908895890685,0.6102913028635916,-0.15851793346542728,180.0,nearest,2.0
station-6,2024-06-18,2.8829907119567197,589.2429109664967,7.356186033601032,0.0,25.19314257729431,1069,2024-06-19,0.29967220137413103,0.4125763735913554,0.33379056004739593,0.0998481459445424,0.05386008578736553,0.10555908895890685,0.6102913028635916,-0.15851793346542728,180.0,nearest,1.0
station-6,2024-06-19,2.394220754872337,585.5830209413349,7.333747434932245,5.24997958787314,30.23239940273947,1070,2024-06-19,0.29967220137413103,0.4125763735913554,0.33379056004739593,0.0998481459445424,0.05386008578736553,0.10555908895890685,0.6102913028635916,-0.15851793346542728,180.0,nearest,0.0
station-6,2024-06-20,2.082264461063947,581.1952408006641,7.3806177862002125,0.0,28.85221452516712,1071,2024-06-19,0.29967220137413103,0.4125763735913554,0.33379056004739593,0.0998481459445424,0.05386008578736553,0.10555908895890685,0.6102913028635916,-0.15851793346542728,180.0,nearest,-1.0
station-6,2024-06-21,2.241433713332024,595.4210941469345,7.370901404542299,0.0,23.72031512512497,1072,2024-06-19,0.29967220137413103,0.4125763735913554,0.33379056004739593,0.0998481459445424,0.05386008578736553,0.10555908895890685,0.6102913028635916,-0.15851793346542728,180.0,nearest,-2.0
station-6,2024-06-22,2.760406772081244,587.1092621978519,7.413032219812084,0.0,28.36357187638192,1073,2024-06-19,0.29967220137413103,0.4125763735913554,0.33379056004739593,0.0998481459445424,0.05386008578736553,0.10555908895890685,0.6102913028635916,-0.15851793346542728,180.0,nearest,-3.0
station-6,2024-06-23,2.680619787050597,589.9798880618129,7.454832594026574,0.0,23.282478923702623,1074,,,,,,,,,,,nearest,
station-6,2024-06-24,3.725424996463743,588.5453223044864,7.409716547254307,0.0,23.715210025895377,1075,,,,,,,,,,,nearest,
station-6,2024-06-25,3.6194306448361457,570.7544696695131,7.37849021460309,0.0,27.680990527314965,1076,,,,,,,,,,,nearest,
station-6,2024-06-26,2.2639950229976757,587.9804463989259,7.397459089709787,0.0,27.824981441246525,1077,,,,,,,,,,,nearest,
station-6,2024-06-27,2.8014230447759303,582.3017381605707,7.353372294863074,1.988034593989501,27.957329596753684,1078,,,,,,,,,,,nearest,
station-6,2024-06-28,3.018037875031438,589.8828749173415,7.341556178543135,0.0,32.709200200780586,1079,,,,,,,,,,,nearest,
